"predictor_type","var1","var2","cramers_v","p_value","n_categories","n_valid_cases","var1_type","var2_type"
"single","ses_language",NA,0.38719988374142,6.51228354756658e-65,3,1101,"ses",NA
"interaction","ses_age_4Cat","ses_language",0.288415389382975,6.76848675914892e-65,12,1101,"ses","ses"
"interaction","ses_language","ses_income",0.280955991834458,1.20687540647905e-38,24,1101,"ses","ses"
"interaction","ses_region","ses_sexOrientationHetero",0.277574204451564,1.94111043008025e-58,12,1101,"ses","ses"
"interaction","lifestyle_favAlcool","ses_language",0.277311771892206,5.62211048918984e-52,15,1101,"lifestyle","ses"
"interaction","ses_language","ses_educ_5Cat",0.273891314215596,4.35713708008292e-50,15,1101,"ses","ses"
"interaction","lifestyle_exercise","ses_language",0.273270506683302,6.62135726395815e-35,24,1101,"lifestyle","ses"
"interaction","ses_language","ses_incomeCensus",0.271363754003327,2.20310436561382e-38,21,1101,"ses","ses"
"interaction","ses_sexOrientationHetero","ses_language",0.269941195875009,1.81532711189064e-69,6,1101,"ses","ses"
"interaction","ses_language","lifestyle_goMuseumsFreq",0.269489093813611,1.05427189237672e-47,15,1101,"ses","lifestyle"
"interaction","ses_language","lifestyle_goMuseumsFreq_factor",0.269489093813611,1.05427189237672e-47,15,1101,"ses","lifestyle"
"interaction","ses_language","lifestyle_goMuseumsFreq_numeric",0.269489093813611,1.05427189237672e-47,15,1101,"ses","lifestyle"
"interaction","lifestyle_clothingStyleGroups","ses_language",0.268463378618001,2.8548165734391e-60,9,1101,"lifestyle","ses"
"interaction","ses_region","lifestyle_hasTattoos",0.267322887083093,1.27075581120928e-52,12,1101,"ses","lifestyle"
"interaction","ses_region","lifestyle_ownPet_bin",0.26523345846405,1.7974880833538e-51,12,1101,"ses","lifestyle"
"interaction","ses_immigrant","ses_region",0.265055884129529,2.24857267684698e-51,12,1101,"ses","ses"
"interaction","lifestyle_hasTattoos","ses_language",0.265011408281336,1.69173149130884e-66,6,1101,"lifestyle","ses"
"single","ses_age",NA,0.264511347918725,0.0458959042253414,69,1101,"ses",NA
"interaction","lifestyle_consClothes","ses_language",0.263179488569766,2.36703691012619e-50,12,1101,"lifestyle","ses"
"interaction","ses_region","ses_genderFemale",0.263120777838364,2.54705067946446e-50,12,1101,"ses","ses"
"interaction","ses_language","lifestyle_goHuntingFreq_bin",0.261866397293902,1.23183274163279e-64,6,1101,"ses","lifestyle"
"interaction","lifestyle_typeTransport","ses_language",0.261336186708958,3.37164285907865e-56,9,1101,"lifestyle","ses"
"interaction","ses_language","lifestyle_ownPet_bin",0.26047571368991,8.05400716786612e-64,6,1101,"ses","lifestyle"
"interaction","ses_region","lifestyle_goFishingFreq_bin",0.259476753655059,2.30916464581896e-48,12,1101,"ses","lifestyle"
"interaction","ses_region","lifestyle_motorizedActFreq_bin",0.259026889037398,4.00493858479316e-48,12,1101,"ses","lifestyle"
"interaction","ses_language","ses_income_3Cat",0.258495716816292,1.29907361655135e-54,9,1101,"ses","ses"
"interaction","ses_genderFemale","ses_language",0.257702357967072,3.2930006315846e-62,6,1101,"ses","ses"
"interaction","ses_language","lifestyle_motorizedActFreq_bin",0.256345078530899,1.99151677559168e-61,6,1101,"ses","lifestyle"
"interaction","ses_language","ses_educ_3Cat",0.256309732016739,2.08724366688993e-53,9,1101,"ses","ses"
"interaction","ses_language","lifestyle_goFishingFreq_bin",0.255180519829615,9.24842464479737e-61,6,1101,"ses","lifestyle"
"interaction","ses_region","lifestyle_volunteeringFreq_bin",0.254987643609383,5.30940048785727e-46,12,1101,"ses","lifestyle"
"interaction","ses_immigrant","ses_language",0.254276241077742,3.03057675313685e-60,6,1101,"ses","ses"
"interaction","ses_ethnicityWhite","ses_language",0.252719544248193,2.31208637148079e-59,6,1101,"ses","ses"
"interaction","ses_language","lifestyle_goMuseumsFreq_bin",0.247743493420104,1.3915883471575e-56,6,1101,"ses","lifestyle"
"interaction","ses_language","lifestyle_volunteeringFreq_bin",0.247022829922386,3.47396306267664e-56,6,1101,"ses","lifestyle"
"single","ses_region",NA,0.245503941541498,2.365239681987e-55,6,1101,"ses",NA
"single","ses_sexOrientationHetero",NA,0.236895004068166,5.1896694516487e-12,2,1101,"ses",NA
"interaction","lifestyle_eatMeatFreq","lifestyle_goMuseumsFreq",0.223098204618714,7.35429307947791e-07,35,1101,"lifestyle","lifestyle"
"interaction","lifestyle_eatMeatFreq","lifestyle_goMuseumsFreq_factor",0.223098204618714,7.35429307947791e-07,35,1101,"lifestyle","lifestyle"
"interaction","lifestyle_eatMeatFreq","lifestyle_goMuseumsFreq_numeric",0.223098204618714,7.35429307947791e-07,35,1101,"lifestyle","lifestyle"
"interaction","lifestyle_eatMeatFreq","ses_educ_5Cat",0.222254043456811,1.1070974907138e-06,35,1101,"lifestyle","ses"
"interaction","lifestyle_exercise","lifestyle_volunteeringFreq",0.222234759916228,0.000226591118596004,40,1101,"lifestyle","lifestyle"
"interaction","lifestyle_exercise","lifestyle_volunteeringFreq_factor",0.222234759916228,0.000226591118596004,40,1101,"lifestyle","lifestyle"
"interaction","lifestyle_exercise","lifestyle_volunteeringFreq_numeric",0.222234759916228,0.000226591118596004,40,1101,"lifestyle","lifestyle"
"interaction","ses_dwelling_cat","lifestyle_favAlcool",0.211824186017257,0.00010442084577285,35,1101,"ses","lifestyle"
"interaction","ses_sexOrientation","lifestyle_consClothes",0.211822219780066,3.2146389405499e-20,16,1101,"ses","lifestyle"
"interaction","ses_age_4Cat","lifestyle_eatMeatFreq",0.206159421722887,2.69822088870334e-07,28,1101,"ses","lifestyle"
"interaction","lifestyle_eatMeatFreq","lifestyle_volunteeringFreq",0.205723264930888,0.000961574531091683,35,1101,"lifestyle","lifestyle"
"interaction","lifestyle_eatMeatFreq","lifestyle_volunteeringFreq_factor",0.205723264930888,0.000961574531091683,35,1101,"lifestyle","lifestyle"
"interaction","lifestyle_eatMeatFreq","lifestyle_volunteeringFreq_numeric",0.205723264930888,0.000961574531091683,35,1101,"lifestyle","lifestyle"
"interaction","ses_sexOrientation","lifestyle_favAlcool",0.204002614064457,4.37668047728715e-13,20,1101,"ses","lifestyle"
"interaction","lifestyle_consClothes","ses_income",0.19747220888876,0.00107656063028532,32,1101,"lifestyle","ses"
"interaction","lifestyle_volunteeringFreq","ses_income",0.195974402010586,0.199621887543934,40,1101,"lifestyle","ses"
"interaction","lifestyle_volunteeringFreq_factor","ses_income",0.195974402010586,0.199621887543934,40,1101,"lifestyle","ses"
"interaction","lifestyle_volunteeringFreq_numeric","ses_income",0.195974402010586,0.199621887543934,40,1101,"lifestyle","ses"
"interaction","ses_dwelling","ses_sexOrientationHetero",0.194718283431733,7.43975360607437e-09,22,1101,"ses","ses"
"interaction","ses_sexOrientation","lifestyle_volunteeringFreq",0.193577483497349,3.23301988779821e-10,20,1101,"ses","lifestyle"
"interaction","ses_sexOrientation","lifestyle_volunteeringFreq_factor",0.193577483497349,3.23301988779821e-10,20,1101,"ses","lifestyle"
"interaction","ses_sexOrientation","lifestyle_volunteeringFreq_numeric",0.193577483497349,3.23301988779821e-10,20,1101,"ses","lifestyle"
"interaction","lifestyle_favAlcool","lifestyle_goMuseumsFreq",0.193012807089831,2.12674812010122e-06,25,1101,"lifestyle","lifestyle"
"interaction","lifestyle_favAlcool","lifestyle_goMuseumsFreq_factor",0.193012807089831,2.12674812010122e-06,25,1101,"lifestyle","lifestyle"
"interaction","lifestyle_favAlcool","lifestyle_goMuseumsFreq_numeric",0.193012807089831,2.12674812010122e-06,25,1101,"lifestyle","lifestyle"
"interaction","ses_age_4Cat","ses_income",0.193009655664704,0.00436963070825267,32,1101,"ses","ses"
"interaction","ses_age_4Cat","ses_sexOrientation",0.189990696752699,3.88886942058668e-13,16,1101,"ses","ses"
"interaction","lifestyle_numberTattoos","lifestyle_favAlcool",0.189517825415316,0.00238151224903978,30,1101,"lifestyle","lifestyle"
"interaction","lifestyle_volunteeringFreq","ses_incomeCensus",0.189288512700397,0.0747949836425776,35,1101,"lifestyle","ses"
"interaction","lifestyle_volunteeringFreq_factor","ses_incomeCensus",0.189288512700397,0.0747949836425776,35,1101,"lifestyle","ses"
"interaction","lifestyle_volunteeringFreq_numeric","ses_incomeCensus",0.189288512700397,0.0747949836425776,35,1101,"lifestyle","ses"
"interaction","ses_sexOrientation","lifestyle_goMuseumsFreq",0.18924349843903,3.92830226119657e-09,20,1101,"ses","lifestyle"
"interaction","ses_sexOrientation","lifestyle_goMuseumsFreq_factor",0.18924349843903,3.92830226119657e-09,20,1101,"ses","lifestyle"
"interaction","ses_sexOrientation","lifestyle_goMuseumsFreq_numeric",0.18924349843903,3.92830226119657e-09,20,1101,"ses","lifestyle"
"interaction","ses_age_4Cat","ses_incomeCensus",0.188441002069706,0.000518013891566556,28,1101,"ses","ses"
"interaction","lifestyle_consClothes","ses_incomeCensus",0.188008541176777,0.000602412225925219,28,1101,"lifestyle","ses"
"interaction","lifestyle_favAlcool","lifestyle_volunteeringFreq",0.184098828187124,9.52925114284718e-05,25,1101,"lifestyle","lifestyle"
"interaction","lifestyle_favAlcool","lifestyle_volunteeringFreq_factor",0.184098828187124,9.52925114284718e-05,25,1101,"lifestyle","lifestyle"
"interaction","lifestyle_favAlcool","lifestyle_volunteeringFreq_numeric",0.184098828187124,9.52925114284718e-05,25,1101,"lifestyle","lifestyle"
"interaction","ses_sexOrientationHetero","lifestyle_ownPet",0.18009494642273,1.56866045419309e-12,14,1101,"ses","lifestyle"
"interaction","ses_dwelling_cat","lifestyle_consClothes",0.179891382041743,0.00758075898005646,28,1101,"ses","lifestyle"
"interaction","lifestyle_goFishingFreq","lifestyle_volunteeringFreq",0.177998556570687,0.00087200595197122,25,1101,"lifestyle","lifestyle"
"interaction","lifestyle_goFishingFreq","lifestyle_volunteeringFreq_factor",0.177998556570687,0.00087200595197122,25,1101,"lifestyle","lifestyle"
"interaction","lifestyle_goFishingFreq","lifestyle_volunteeringFreq_numeric",0.177998556570687,0.00087200595197122,25,1101,"lifestyle","lifestyle"
"interaction","lifestyle_goFishingFreq_factor","lifestyle_volunteeringFreq",0.177998556570687,0.00087200595197122,25,1101,"lifestyle","lifestyle"
"interaction","lifestyle_goFishingFreq_factor","lifestyle_volunteeringFreq_factor",0.177998556570687,0.00087200595197122,25,1101,"lifestyle","lifestyle"
"interaction","lifestyle_goFishingFreq_factor","lifestyle_volunteeringFreq_numeric",0.177998556570687,0.00087200595197122,25,1101,"lifestyle","lifestyle"
"interaction","lifestyle_goFishingFreq_numeric","lifestyle_volunteeringFreq",0.177998556570687,0.00087200595197122,25,1101,"lifestyle","lifestyle"
"interaction","lifestyle_goFishingFreq_numeric","lifestyle_volunteeringFreq_factor",0.177998556570687,0.00087200595197122,25,1101,"lifestyle","lifestyle"
"interaction","lifestyle_goFishingFreq_numeric","lifestyle_volunteeringFreq_numeric",0.177998556570687,0.00087200595197122,25,1101,"lifestyle","lifestyle"
"interaction","lifestyle_goFishingFreq","lifestyle_goMuseumsFreq",0.177299617729477,0.00110115135746809,25,1101,"lifestyle","lifestyle"
"interaction","lifestyle_goFishingFreq","lifestyle_goMuseumsFreq_factor",0.177299617729477,0.00110115135746809,25,1101,"lifestyle","lifestyle"
"interaction","lifestyle_goFishingFreq","lifestyle_goMuseumsFreq_numeric",0.177299617729477,0.00110115135746809,25,1101,"lifestyle","lifestyle"
"interaction","lifestyle_goFishingFreq_factor","lifestyle_goMuseumsFreq",0.177299617729477,0.00110115135746809,25,1101,"lifestyle","lifestyle"
"interaction","lifestyle_goFishingFreq_factor","lifestyle_goMuseumsFreq_factor",0.177299617729477,0.00110115135746809,25,1101,"lifestyle","lifestyle"
"interaction","lifestyle_goFishingFreq_factor","lifestyle_goMuseumsFreq_numeric",0.177299617729477,0.00110115135746809,25,1101,"lifestyle","lifestyle"
"interaction","lifestyle_goFishingFreq_numeric","lifestyle_goMuseumsFreq",0.177299617729477,0.00110115135746809,25,1101,"lifestyle","lifestyle"
"interaction","lifestyle_goFishingFreq_numeric","lifestyle_goMuseumsFreq_factor",0.177299617729477,0.00110115135746809,25,1101,"lifestyle","lifestyle"
"interaction","lifestyle_goFishingFreq_numeric","lifestyle_goMuseumsFreq_numeric",0.177299617729477,0.00110115135746809,25,1101,"lifestyle","lifestyle"
"interaction","ses_sexOrientationHetero","lifestyle_eatMeatFreq",0.175552929202218,2.75156543427032e-11,14,1101,"ses","lifestyle"
"interaction","ses_sexOrientationHetero","lifestyle_consCoffee",0.175403776432698,3.01516751611623e-11,14,1101,"ses","lifestyle"
"interaction","lifestyle_goMuseumsFreq","lifestyle_motorizedActFreq",0.175403311509108,0.00203039247548708,25,1101,"lifestyle","lifestyle"
"interaction","lifestyle_goMuseumsFreq","lifestyle_motorizedActFreq_factor",0.175403311509108,0.00203039247548708,25,1101,"lifestyle","lifestyle"
"interaction","lifestyle_goMuseumsFreq","lifestyle_motorizedActFreq_numeric",0.175403311509108,0.00203039247548708,25,1101,"lifestyle","lifestyle"
"interaction","lifestyle_goMuseumsFreq_factor","lifestyle_motorizedActFreq",0.175403311509108,0.00203039247548708,25,1101,"lifestyle","lifestyle"
"interaction","lifestyle_goMuseumsFreq_factor","lifestyle_motorizedActFreq_factor",0.175403311509108,0.00203039247548708,25,1101,"lifestyle","lifestyle"
"interaction","lifestyle_goMuseumsFreq_factor","lifestyle_motorizedActFreq_numeric",0.175403311509108,0.00203039247548708,25,1101,"lifestyle","lifestyle"
"interaction","lifestyle_goMuseumsFreq_numeric","lifestyle_motorizedActFreq",0.175403311509108,0.00203039247548708,25,1101,"lifestyle","lifestyle"
"interaction","lifestyle_goMuseumsFreq_numeric","lifestyle_motorizedActFreq_factor",0.175403311509108,0.00203039247548708,25,1101,"lifestyle","lifestyle"
"interaction","lifestyle_goMuseumsFreq_numeric","lifestyle_motorizedActFreq_numeric",0.175403311509108,0.00203039247548708,25,1101,"lifestyle","lifestyle"
"interaction","lifestyle_numberTattoos","lifestyle_volunteeringFreq",0.175198258068128,0.0844853345194733,30,1101,"lifestyle","lifestyle"
"interaction","lifestyle_numberTattoos","lifestyle_volunteeringFreq_factor",0.175198258068128,0.0844853345194733,30,1101,"lifestyle","lifestyle"
"interaction","lifestyle_numberTattoos","lifestyle_volunteeringFreq_numeric",0.175198258068128,0.0844853345194733,30,1101,"lifestyle","lifestyle"
"interaction","ses_age_4Cat","lifestyle_favAlcool",0.175088926046275,4.8305628774393e-06,20,1101,"ses","lifestyle"
"interaction","lifestyle_eatMeatFreq","ses_income_3Cat",0.174884528552633,2.26618237331128e-05,21,1101,"lifestyle","ses"
"interaction","lifestyle_exercise","ses_income_3Cat",0.173344112019004,0.00145646985587422,24,1101,"lifestyle","ses"
"interaction","lifestyle_typeTransport","lifestyle_eatMeatFreq",0.173342221695468,4.26609244595753e-05,21,1101,"lifestyle","lifestyle"
"interaction","lifestyle_clothingStyleGroups","ses_income",0.172580418377455,0.00185945747399102,24,1101,"lifestyle","ses"
"interaction","lifestyle_eatMeatFreq","ses_educ_3Cat",0.172497020938328,5.9833016762612e-05,21,1101,"lifestyle","ses"
"interaction","ses_sexOrientationHetero","lifestyle_ownPet_bin",0.172402956320618,2.89124512826931e-14,4,1101,"ses","lifestyle"
"interaction","ses_dwelling_cat","ses_sexOrientationHetero",0.172284651387954,1.96674887180895e-10,14,1101,"ses","ses"
"interaction","lifestyle_favAlcool","lifestyle_motorizedActFreq",0.171965498094809,0.00568932627914508,25,1101,"lifestyle","lifestyle"
"interaction","lifestyle_favAlcool","lifestyle_motorizedActFreq_factor",0.171965498094809,0.00568932627914508,25,1101,"lifestyle","lifestyle"
"interaction","lifestyle_favAlcool","lifestyle_motorizedActFreq_numeric",0.171965498094809,0.00568932627914508,25,1101,"lifestyle","lifestyle"
"interaction","ses_sexOrientation","lifestyle_clothingStyleGroups",0.170517769189281,3.3918526520618e-12,12,1101,"ses","lifestyle"
"interaction","ses_sexOrientation","ses_income_3Cat",0.169515681371852,6.3755558915463e-12,12,1101,"ses","ses"
"interaction","ses_sexOrientationHetero","lifestyle_exercise",0.169438603583817,7.19022611539574e-08,16,1101,"ses","lifestyle"
"interaction","lifestyle_clothingStyleGroups","lifestyle_favAlcool",0.169332044690944,9.92686733870942e-09,15,1101,"lifestyle","lifestyle"
"interaction","ses_immigrant","ses_sexOrientationHetero",0.169022549181531,1.51229935055056e-13,4,1101,"ses","ses"
"interaction","ses_sexOrientationHetero","lifestyle_volunteeringFreq_bin",0.168919211953089,1.58969125073187e-13,4,1101,"ses","lifestyle"
"interaction","lifestyle_volunteeringFreq","lifestyle_motorizedActFreq",0.168812452327426,0.0133846692554351,25,1101,"lifestyle","lifestyle"
"interaction","lifestyle_volunteeringFreq","lifestyle_motorizedActFreq_factor",0.168812452327426,0.0133846692554351,25,1101,"lifestyle","lifestyle"
"interaction","lifestyle_volunteeringFreq","lifestyle_motorizedActFreq_numeric",0.168812452327426,0.0133846692554351,25,1101,"lifestyle","lifestyle"
"interaction","lifestyle_volunteeringFreq_factor","lifestyle_motorizedActFreq",0.168812452327426,0.0133846692554351,25,1101,"lifestyle","lifestyle"
"interaction","lifestyle_volunteeringFreq_factor","lifestyle_motorizedActFreq_factor",0.168812452327426,0.0133846692554351,25,1101,"lifestyle","lifestyle"
"interaction","lifestyle_volunteeringFreq_factor","lifestyle_motorizedActFreq_numeric",0.168812452327426,0.0133846692554351,25,1101,"lifestyle","lifestyle"
"interaction","lifestyle_volunteeringFreq_numeric","lifestyle_motorizedActFreq",0.168812452327426,0.0133846692554351,25,1101,"lifestyle","lifestyle"
"interaction","lifestyle_volunteeringFreq_numeric","lifestyle_motorizedActFreq_factor",0.168812452327426,0.0133846692554351,25,1101,"lifestyle","lifestyle"
"interaction","lifestyle_volunteeringFreq_numeric","lifestyle_motorizedActFreq_numeric",0.168812452327426,0.0133846692554351,25,1101,"lifestyle","lifestyle"
"interaction","ses_dwelling","lifestyle_goHuntingFreq_bin",0.168679266576125,0.000819243210612071,22,1101,"ses","lifestyle"
"interaction","lifestyle_hasTattoos","ses_sexOrientationHetero",0.168367280832527,2.07390065906207e-13,4,1101,"lifestyle","ses"
"interaction","lifestyle_typeTransport","lifestyle_exercise",0.167982824595942,0.00727955197219333,24,1101,"lifestyle","lifestyle"
"interaction","lifestyle_consCoffee","ses_educ_3Cat",0.167478055077958,0.000394314996130169,21,1101,"lifestyle","ses"
"interaction","ses_immigrant","lifestyle_ownPet",0.167446549755131,3.12251859825132e-09,14,1101,"ses","lifestyle"
"interaction","ses_age_4Cat","lifestyle_volunteeringFreq",0.167365936516663,0.00011779037713787,20,1101,"ses","lifestyle"
"interaction","ses_age_4Cat","lifestyle_volunteeringFreq_factor",0.167365936516663,0.00011779037713787,20,1101,"ses","lifestyle"
"interaction","ses_age_4Cat","lifestyle_volunteeringFreq_numeric",0.167365936516663,0.00011779037713787,20,1101,"ses","lifestyle"
"interaction","lifestyle_goHuntingFreq","lifestyle_goMuseumsFreq",0.167003622551682,0.0210371725644819,25,1101,"lifestyle","lifestyle"
"interaction","lifestyle_goHuntingFreq","lifestyle_goMuseumsFreq_factor",0.167003622551682,0.0210371725644819,25,1101,"lifestyle","lifestyle"
"interaction","lifestyle_goHuntingFreq","lifestyle_goMuseumsFreq_numeric",0.167003622551682,0.0210371725644819,25,1101,"lifestyle","lifestyle"
"interaction","lifestyle_goHuntingFreq_factor","lifestyle_goMuseumsFreq",0.167003622551682,0.0210371725644819,25,1101,"lifestyle","lifestyle"
"interaction","lifestyle_goHuntingFreq_factor","lifestyle_goMuseumsFreq_factor",0.167003622551682,0.0210371725644819,25,1101,"lifestyle","lifestyle"
"interaction","lifestyle_goHuntingFreq_factor","lifestyle_goMuseumsFreq_numeric",0.167003622551682,0.0210371725644819,25,1101,"lifestyle","lifestyle"
"interaction","lifestyle_goHuntingFreq_numeric","lifestyle_goMuseumsFreq",0.167003622551682,0.0210371725644819,25,1101,"lifestyle","lifestyle"
"interaction","lifestyle_goHuntingFreq_numeric","lifestyle_goMuseumsFreq_factor",0.167003622551682,0.0210371725644819,25,1101,"lifestyle","lifestyle"
"interaction","lifestyle_goHuntingFreq_numeric","lifestyle_goMuseumsFreq_numeric",0.167003622551682,0.0210371725644819,25,1101,"lifestyle","lifestyle"
"interaction","ses_sexOrientationHetero","lifestyle_goHuntingFreq_bin",0.166380598086389,5.3500500196101e-13,4,1101,"ses","lifestyle"
"interaction","ses_age_4Cat","lifestyle_goMuseumsFreq",0.166275958856382,0.000177653963388402,20,1101,"ses","lifestyle"
"interaction","ses_age_4Cat","lifestyle_goMuseumsFreq_factor",0.166275958856382,0.000177653963388402,20,1101,"ses","lifestyle"
"interaction","ses_age_4Cat","lifestyle_goMuseumsFreq_numeric",0.166275958856382,0.000177653963388402,20,1101,"ses","lifestyle"
"interaction","ses_dwelling","lifestyle_motorizedActFreq_bin",0.166261170301539,0.00180609254043995,22,1101,"ses","lifestyle"
"interaction","lifestyle_clothingStyleGroups","ses_incomeCensus",0.165864929405213,0.000691045982513171,21,1101,"lifestyle","ses"
"interaction","ses_age_4Cat","lifestyle_consClothes",0.165770758930204,4.44948919796879e-07,16,1101,"ses","lifestyle"
"interaction","lifestyle_volunteeringFreq","ses_educ_5Cat",0.165747821130188,0.0283239806039457,25,1101,"lifestyle","ses"
"interaction","lifestyle_volunteeringFreq_factor","ses_educ_5Cat",0.165747821130188,0.0283239806039457,25,1101,"lifestyle","ses"
"interaction","lifestyle_volunteeringFreq_numeric","ses_educ_5Cat",0.165747821130188,0.0283239806039457,25,1101,"lifestyle","ses"
"interaction","ses_sexOrientationHetero","lifestyle_goFishingFreq_bin",0.165238074867454,9.16533180047418e-13,4,1101,"ses","lifestyle"
"interaction","ses_sexOrientationHetero","lifestyle_favAlcool",0.165226138737335,2.90952355837032e-13,10,1101,"ses","lifestyle"
"interaction","ses_age_4Cat","ses_educ_5Cat",0.164988047813148,0.000285030086720713,20,1101,"ses","ses"
"interaction","ses_dwelling","lifestyle_goFishingFreq_bin",0.164858140809746,0.00279277475019554,22,1101,"ses","lifestyle"
"interaction","ses_ethnicityWB","ses_sexOrientation",0.164847145744054,1.09587616498912e-10,12,1101,"ses","ses"
"interaction","ses_sexOrientationHetero","lifestyle_smokeFreq",0.164723964294614,1.36920768570675e-08,14,1101,"ses","lifestyle"
"interaction","lifestyle_goHuntingFreq","ses_educ_5Cat",0.164580969173035,0.0368908825155314,25,1101,"lifestyle","ses"
"interaction","lifestyle_goHuntingFreq_factor","ses_educ_5Cat",0.164580969173035,0.0368908825155314,25,1101,"lifestyle","ses"
"interaction","lifestyle_goHuntingFreq_numeric","ses_educ_5Cat",0.164580969173035,0.0368908825155314,25,1101,"lifestyle","ses"
"interaction","ses_sexOrientation","ses_educ_3Cat",0.164571132212234,1.2901312287953e-10,12,1101,"ses","ses"
"interaction","ses_sexOrientationHetero","ses_genderFemale",0.164543667387386,1.26825327454144e-12,4,1101,"ses","ses"
"interaction","lifestyle_consClothes","lifestyle_favAlcool",0.163722971602917,0.000447395111170204,20,1101,"lifestyle","lifestyle"
"interaction","ses_dwelling","lifestyle_ownPet_bin",0.16318792113743,0.0045906762299,22,1101,"ses","lifestyle"
"interaction","lifestyle_goMuseumsFreq","ses_educ_5Cat",0.163049890109334,0.0512694390429779,25,1101,"lifestyle","ses"
"interaction","lifestyle_goMuseumsFreq_factor","ses_educ_5Cat",0.163049890109334,0.0512694390429779,25,1101,"lifestyle","ses"
"interaction","lifestyle_goMuseumsFreq_numeric","ses_educ_5Cat",0.163049890109334,0.0512694390429779,25,1101,"lifestyle","ses"
"interaction","ses_dwelling_cat","ses_income_3Cat",0.162933079778599,0.00181091404019836,21,1101,"ses","ses"
"interaction","lifestyle_clothingStyleGroups","lifestyle_goMuseumsFreq",0.162523380123198,3.25607122784163e-07,15,1101,"lifestyle","lifestyle"
"interaction","lifestyle_clothingStyleGroups","lifestyle_goMuseumsFreq_factor",0.162523380123198,3.25607122784163e-07,15,1101,"lifestyle","lifestyle"
"interaction","lifestyle_clothingStyleGroups","lifestyle_goMuseumsFreq_numeric",0.162523380123198,3.25607122784163e-07,15,1101,"lifestyle","lifestyle"
"interaction","ses_age_4Cat","lifestyle_goFishingFreq",0.161857331256181,0.000848769640730911,20,1101,"ses","lifestyle"
"interaction","ses_age_4Cat","lifestyle_goFishingFreq_factor",0.161857331256181,0.000848769640730911,20,1101,"ses","lifestyle"
"interaction","ses_age_4Cat","lifestyle_goFishingFreq_numeric",0.161857331256181,0.000848769640730911,20,1101,"ses","lifestyle"
"interaction","ses_ethnicityWhite","ses_sexOrientationHetero",0.161830638403187,4.4339388620662e-12,4,1101,"ses","ses"
"interaction","lifestyle_hasTattoos","ses_dwelling",0.161411921188656,0.00758654862382635,22,1101,"lifestyle","ses"
"interaction","lifestyle_numberTattoos","ses_sexOrientationHetero",0.161138390274135,9.37110255149881e-10,12,1101,"lifestyle","ses"
"interaction","ses_sexOrientationHetero","lifestyle_motorizedActFreq_bin",0.160987897495033,6.50426029244931e-12,4,1101,"ses","lifestyle"
"interaction","lifestyle_smokeFreq","ses_educ_3Cat",0.160369804577385,0.00396047920095226,21,1101,"lifestyle","ses"
"interaction","ses_ethnicity","ses_sexOrientationHetero",0.159597373816745,1.8991058287543e-07,14,1101,"ses","ses"
"interaction","ses_dwelling","ses_genderFemale",0.159593873556517,0.0123385558269936,22,1101,"ses","ses"
"interaction","lifestyle_goFishingFreq","ses_educ_5Cat",0.158493311204429,0.121449530643153,25,1101,"lifestyle","ses"
"interaction","lifestyle_goFishingFreq_factor","ses_educ_5Cat",0.158493311204429,0.121449530643153,25,1101,"lifestyle","ses"
"interaction","lifestyle_goFishingFreq_numeric","ses_educ_5Cat",0.158493311204429,0.121449530643153,25,1101,"lifestyle","ses"
"interaction","ses_sexOrientationHetero","ses_income",0.158481671800379,1.213860992299e-05,16,1101,"ses","ses"
"interaction","ses_age_4Cat","lifestyle_motorizedActFreq",0.158273092562323,0.0026749281776538,20,1101,"ses","lifestyle"
"interaction","ses_age_4Cat","lifestyle_motorizedActFreq_factor",0.158273092562323,0.0026749281776538,20,1101,"ses","lifestyle"
"interaction","ses_age_4Cat","lifestyle_motorizedActFreq_numeric",0.158273092562323,0.0026749281776538,20,1101,"ses","lifestyle"
"interaction","ses_immigrant","lifestyle_eatMeatFreq",0.158208187649593,3.7401388829294e-07,14,1101,"ses","lifestyle"
"single","ses_sexOrientation",NA,0.15806101686054,2.41055947088452e-11,4,1101,"ses",NA
"interaction","lifestyle_typeTransport","ses_income",0.15793235966219,0.0765444030884488,24,1101,"lifestyle","ses"
"interaction","ses_sexOrientation","lifestyle_ownPet_bin",0.15727192865086,7.2921018474786e-14,8,1101,"ses","lifestyle"
"interaction","lifestyle_exercise","ses_educ_3Cat",0.157254241619623,0.0869861117856854,24,1101,"lifestyle","ses"
"interaction","lifestyle_ownPet","ses_educ_3Cat",0.157222901243496,0.00958959933252104,21,1101,"lifestyle","ses"
"interaction","ses_sexOrientationHetero","lifestyle_consClothes",0.156888303931082,9.38790418100148e-14,8,1101,"ses","lifestyle"
"interaction","lifestyle_typeTransport","lifestyle_favAlcool",0.156795734756466,4.63627546207566e-06,15,1101,"lifestyle","lifestyle"
"interaction","ses_ethnicityWB","lifestyle_favAlcool",0.156780928419866,4.66665002266282e-06,15,1101,"ses","lifestyle"
"single","ses_immigrant",NA,0.156629779435725,5.67691854376824e-05,2,1101,"ses",NA
"interaction","ses_age_4Cat","ses_sexOrientationHetero",0.155990802677815,1.68874529016457e-13,8,1101,"ses","ses"
"interaction","lifestyle_favAlcool","ses_income_3Cat",0.155903567788875,6.85021368757746e-06,15,1101,"lifestyle","ses"
"interaction","lifestyle_hasTattoos","lifestyle_eatMeatFreq",0.155035283733045,1.66237996113798e-06,14,1101,"lifestyle","lifestyle"
"interaction","lifestyle_eatMeatFreq","lifestyle_goHuntingFreq_bin",0.155020968522966,1.67330784222326e-06,14,1101,"lifestyle","lifestyle"
"interaction","lifestyle_eatMeatFreq","lifestyle_volunteeringFreq_bin",0.154671771505834,1.96233322315201e-06,14,1101,"lifestyle","lifestyle"
"single","lifestyle_goFishingFreq_bin",NA,0.154432936496995,7.95081296776863e-05,2,1101,"lifestyle",NA
"interaction","ses_ethnicityWhite","lifestyle_eatMeatFreq",0.154204488688133,2.42504798236302e-06,14,1101,"ses","lifestyle"
"interaction","ses_sexOrientationHetero","lifestyle_volunteeringFreq",0.154050940382774,2.7969417943014e-10,10,1101,"ses","lifestyle"
"interaction","ses_sexOrientationHetero","lifestyle_volunteeringFreq_factor",0.154050940382774,2.7969417943014e-10,10,1101,"ses","lifestyle"
"interaction","ses_sexOrientationHetero","lifestyle_volunteeringFreq_numeric",0.154050940382774,2.7969417943014e-10,10,1101,"ses","lifestyle"
"interaction","lifestyle_typeTransport","ses_incomeCensus",0.153811111024529,0.0227432563543194,21,1101,"lifestyle","ses"
"interaction","ses_ethnicity","lifestyle_goFishingFreq_bin",0.153785089155431,2.92827838747187e-06,14,1101,"ses","lifestyle"
"interaction","ses_ethnicity","lifestyle_goHuntingFreq_bin",0.153696911537331,3.04616639238943e-06,14,1101,"ses","lifestyle"
"interaction","ses_sexOrientationHetero","ses_incomeCensus",0.153683858566459,3.06400024935442e-06,14,1101,"ses","ses"
"interaction","lifestyle_consClothes","lifestyle_volunteeringFreq",0.153577145754778,0.0102096263354414,20,1101,"lifestyle","lifestyle"
"interaction","lifestyle_consClothes","lifestyle_volunteeringFreq_factor",0.153577145754778,0.0102096263354414,20,1101,"lifestyle","lifestyle"
"interaction","lifestyle_consClothes","lifestyle_volunteeringFreq_numeric",0.153577145754778,0.0102096263354414,20,1101,"lifestyle","lifestyle"
"interaction","ses_immigrant","ses_sexOrientation",0.153312790327243,9.42616812274324e-13,8,1101,"ses","ses"
"interaction","ses_sexOrientation","lifestyle_typeTransport",0.153231216124951,6.47380700235597e-08,12,1101,"ses","lifestyle"
"interaction","ses_age_4Cat","lifestyle_goHuntingFreq",0.153103414921192,0.0115660256749264,20,1101,"ses","lifestyle"
"interaction","ses_age_4Cat","lifestyle_goHuntingFreq_factor",0.153103414921192,0.0115660256749264,20,1101,"ses","lifestyle"
"interaction","ses_age_4Cat","lifestyle_goHuntingFreq_numeric",0.153103414921192,0.0115660256749264,20,1101,"ses","lifestyle"
"interaction","ses_ethnicity","ses_educ_3Cat",0.153081847277311,0.0270054244082169,21,1101,"ses","ses"
"interaction","lifestyle_clothingStyleGroups","lifestyle_goFishingFreq",0.152214074522874,3.21750646245081e-05,15,1101,"lifestyle","lifestyle"
"interaction","lifestyle_clothingStyleGroups","lifestyle_goFishingFreq_factor",0.152214074522874,3.21750646245081e-05,15,1101,"lifestyle","lifestyle"
"interaction","lifestyle_clothingStyleGroups","lifestyle_goFishingFreq_numeric",0.152214074522874,3.21750646245081e-05,15,1101,"lifestyle","lifestyle"
"interaction","ses_sexOrientation","lifestyle_goHuntingFreq_bin",0.151877632119363,2.32171834540819e-12,8,1101,"ses","lifestyle"
"interaction","ses_age_4Cat","lifestyle_clothingStyleGroups",0.151543101537622,1.50479434148086e-07,12,1101,"ses","lifestyle"
"interaction","lifestyle_exercise","lifestyle_goFishingFreq_bin",0.151221568413456,0.000213732511791366,16,1101,"lifestyle","lifestyle"
"interaction","ses_ethnicityWhite","lifestyle_consCoffee",0.151086333156752,9.53209119473169e-06,14,1101,"ses","lifestyle"
"interaction","ses_ethnicity","lifestyle_ownPet_bin",0.150801924898161,1.0758487003832e-05,14,1101,"ses","lifestyle"
"interaction","lifestyle_goMuseumsFreq","ses_income_3Cat",0.150770606902666,5.72076651546435e-05,15,1101,"lifestyle","ses"
"interaction","lifestyle_goMuseumsFreq_factor","ses_income_3Cat",0.150770606902666,5.72076651546435e-05,15,1101,"lifestyle","ses"
"interaction","lifestyle_goMuseumsFreq_numeric","ses_income_3Cat",0.150770606902666,5.72076651546435e-05,15,1101,"lifestyle","ses"
"interaction","ses_educ_3Cat","ses_income",0.150723118454539,0.245548197528426,24,1101,"ses","ses"
"interaction","ses_sexOrientationHetero","lifestyle_goMuseumsFreq",0.150655465263466,1.88995530576142e-09,10,1101,"ses","lifestyle"
"interaction","ses_sexOrientationHetero","lifestyle_goMuseumsFreq_factor",0.150655465263466,1.88995530576142e-09,10,1101,"ses","lifestyle"
"interaction","ses_sexOrientationHetero","lifestyle_goMuseumsFreq_numeric",0.150655465263466,1.88995530576142e-09,10,1101,"ses","lifestyle"
"interaction","lifestyle_goHuntingFreq","lifestyle_volunteeringFreq",0.15048681999125,0.366778906546947,25,1101,"lifestyle","lifestyle"
"interaction","lifestyle_goHuntingFreq","lifestyle_volunteeringFreq_factor",0.15048681999125,0.366778906546947,25,1101,"lifestyle","lifestyle"
"interaction","lifestyle_goHuntingFreq","lifestyle_volunteeringFreq_numeric",0.15048681999125,0.366778906546947,25,1101,"lifestyle","lifestyle"
"interaction","lifestyle_goHuntingFreq_factor","lifestyle_volunteeringFreq",0.15048681999125,0.366778906546947,25,1101,"lifestyle","lifestyle"
"interaction","lifestyle_goHuntingFreq_factor","lifestyle_volunteeringFreq_factor",0.15048681999125,0.366778906546947,25,1101,"lifestyle","lifestyle"
"interaction","lifestyle_goHuntingFreq_factor","lifestyle_volunteeringFreq_numeric",0.15048681999125,0.366778906546947,25,1101,"lifestyle","lifestyle"
"interaction","lifestyle_goHuntingFreq_numeric","lifestyle_volunteeringFreq",0.15048681999125,0.366778906546947,25,1101,"lifestyle","lifestyle"
"interaction","lifestyle_goHuntingFreq_numeric","lifestyle_volunteeringFreq_factor",0.15048681999125,0.366778906546947,25,1101,"lifestyle","lifestyle"
"interaction","lifestyle_goHuntingFreq_numeric","lifestyle_volunteeringFreq_numeric",0.15048681999125,0.366778906546947,25,1101,"lifestyle","lifestyle"
"interaction","lifestyle_clothingStyleGroups","lifestyle_goHuntingFreq",0.150432596637501,6.53020121282007e-05,15,1101,"lifestyle","lifestyle"
"interaction","lifestyle_clothingStyleGroups","lifestyle_goHuntingFreq_factor",0.150432596637501,6.53020121282007e-05,15,1101,"lifestyle","lifestyle"
"interaction","lifestyle_clothingStyleGroups","lifestyle_goHuntingFreq_numeric",0.150432596637501,6.53020121282007e-05,15,1101,"lifestyle","lifestyle"
"interaction","ses_ethnicity","lifestyle_typeTransport",0.149962369847874,0.0535188042843701,21,1101,"ses","lifestyle"
"interaction","lifestyle_numberTattoos","lifestyle_clothingStyleGroups",0.14992725924593,0.00389456622530739,18,1101,"lifestyle","lifestyle"
"interaction","ses_sexOrientationHetero","lifestyle_goMuseumsFreq_bin",0.149541255847811,9.07691262335581e-10,4,1101,"ses","lifestyle"
"interaction","lifestyle_goFishingFreq","lifestyle_motorizedActFreq",0.149382943720281,0.410907193898426,25,1101,"lifestyle","lifestyle"
"interaction","lifestyle_goFishingFreq","lifestyle_motorizedActFreq_factor",0.149382943720281,0.410907193898426,25,1101,"lifestyle","lifestyle"
"interaction","lifestyle_goFishingFreq","lifestyle_motorizedActFreq_numeric",0.149382943720281,0.410907193898426,25,1101,"lifestyle","lifestyle"
"interaction","lifestyle_goFishingFreq_factor","lifestyle_motorizedActFreq",0.149382943720281,0.410907193898426,25,1101,"lifestyle","lifestyle"
"interaction","lifestyle_goFishingFreq_factor","lifestyle_motorizedActFreq_factor",0.149382943720281,0.410907193898426,25,1101,"lifestyle","lifestyle"
"interaction","lifestyle_goFishingFreq_factor","lifestyle_motorizedActFreq_numeric",0.149382943720281,0.410907193898426,25,1101,"lifestyle","lifestyle"
"interaction","lifestyle_goFishingFreq_numeric","lifestyle_motorizedActFreq",0.149382943720281,0.410907193898426,25,1101,"lifestyle","lifestyle"
"interaction","lifestyle_goFishingFreq_numeric","lifestyle_motorizedActFreq_factor",0.149382943720281,0.410907193898426,25,1101,"lifestyle","lifestyle"
"interaction","lifestyle_goFishingFreq_numeric","lifestyle_motorizedActFreq_numeric",0.149382943720281,0.410907193898426,25,1101,"lifestyle","lifestyle"
"interaction","ses_sexOrientationHetero","ses_educ_5Cat",0.149262374842401,4.04040386763725e-09,10,1101,"ses","ses"
"interaction","ses_sexOrientation","ses_genderFemale",0.1492373285587,1.17498958486318e-11,8,1101,"ses","ses"
"interaction","ses_ethnicityWhite","ses_sexOrientation",0.149143473020942,1.24361194372155e-11,8,1101,"ses","ses"
"interaction","ses_sexOrientation","lifestyle_motorizedActFreq_bin",0.148969691626276,1.38120636171606e-11,8,1101,"ses","lifestyle"
"interaction","lifestyle_numberTattoos","ses_educ_3Cat",0.148884632759029,0.00526569058963058,18,1101,"lifestyle","ses"
"interaction","lifestyle_consCoffee","lifestyle_goHuntingFreq_bin",0.148319746407685,3.01066317148814e-05,14,1101,"lifestyle","lifestyle"
"interaction","lifestyle_eatMeatFreq","lifestyle_ownPet_bin",0.148109700354741,3.27720357002483e-05,14,1101,"lifestyle","lifestyle"
"interaction","lifestyle_hasTattoos","ses_sexOrientation",0.147748476261028,2.87059315573287e-11,8,1101,"lifestyle","ses"
"interaction","ses_sexOrientation","lifestyle_goFishingFreq_bin",0.147678464814674,2.99261324158216e-11,8,1101,"ses","lifestyle"
"interaction","ses_immigrant","lifestyle_consCoffee",0.147566306745572,4.074769508627e-05,14,1101,"ses","lifestyle"
"interaction","ses_sexOrientationHetero","lifestyle_goFishingFreq",0.147409839590082,1.08576921063985e-08,10,1101,"ses","lifestyle"
"interaction","ses_sexOrientationHetero","lifestyle_goFishingFreq_factor",0.147409839590082,1.08576921063985e-08,10,1101,"ses","lifestyle"
"interaction","ses_sexOrientationHetero","lifestyle_goFishingFreq_numeric",0.147409839590082,1.08576921063985e-08,10,1101,"ses","lifestyle"
"interaction","lifestyle_exercise","lifestyle_volunteeringFreq_bin",0.147407060638289,0.000811834841529161,16,1101,"lifestyle","lifestyle"
"interaction","lifestyle_favAlcool","ses_educ_3Cat",0.147258087272485,0.000216320800679922,15,1101,"lifestyle","ses"
"interaction","ses_immigrant","lifestyle_exercise",0.147169007246244,0.000878848108410742,16,1101,"ses","lifestyle"
"interaction","lifestyle_numberTattoos","ses_income_3Cat",0.147074606693672,0.00869846195908374,18,1101,"lifestyle","ses"
"interaction","ses_sexOrientation","lifestyle_volunteeringFreq_bin",0.146896102353823,4.75421612204143e-11,8,1101,"ses","lifestyle"
"interaction","ses_immigrant","ses_income",0.146891910821283,0.000963282094852401,16,1101,"ses","ses"
"interaction","ses_ethnicityWhite","lifestyle_ownPet_bin",0.146469952588402,3.1369476038925e-09,4,1101,"ses","lifestyle"
"interaction","ses_ethnicity","ses_income_3Cat",0.146469067403017,0.104490435837063,21,1101,"ses","ses"
"interaction","ses_immigrant","lifestyle_ownPet_bin",0.146376087964809,3.25626092460336e-09,4,1101,"ses","lifestyle"
"interaction","lifestyle_ownPet","lifestyle_goHuntingFreq_bin",0.146337339832899,6.61109343053644e-05,14,1101,"lifestyle","lifestyle"
"interaction","lifestyle_eatMeatFreq","lifestyle_goFishingFreq_bin",0.146081263674688,7.30137280558952e-05,14,1101,"lifestyle","lifestyle"
"interaction","ses_ethnicityWB","lifestyle_goMuseumsFreq",0.146071783109994,0.00033140527638968,15,1101,"ses","lifestyle"
"interaction","ses_ethnicityWB","lifestyle_goMuseumsFreq_factor",0.146071783109994,0.00033140527638968,15,1101,"ses","lifestyle"
"interaction","ses_ethnicityWB","lifestyle_goMuseumsFreq_numeric",0.146071783109994,0.00033140527638968,15,1101,"ses","lifestyle"
"interaction","lifestyle_consCoffee","lifestyle_goFishingFreq_bin",0.14546765618488,9.2432671568092e-05,14,1101,"lifestyle","lifestyle"
"interaction","ses_dwelling_cat","lifestyle_volunteeringFreq_bin",0.145448393751177,9.31149601958532e-05,14,1101,"ses","lifestyle"
"single","lifestyle_goHuntingFreq_bin",NA,0.14543783877617,0.000297274159072337,2,1101,"lifestyle",NA
"interaction","lifestyle_hasTattoos","lifestyle_consCoffee",0.145324124988234,9.76323369318473e-05,14,1101,"lifestyle","lifestyle"
"interaction","ses_genderFemale","lifestyle_consCoffee",0.14502734133063,0.000109272726269556,14,1101,"ses","lifestyle"
"interaction","lifestyle_hasTattoos","lifestyle_exercise",0.144848289763984,0.00185805592092493,16,1101,"lifestyle","lifestyle"
"interaction","ses_dwelling_cat","lifestyle_goHuntingFreq_bin",0.144621248285311,0.000127335222391456,14,1101,"ses","lifestyle"
"interaction","ses_genderFemale","lifestyle_exercise",0.144562380487152,0.00203130933008044,16,1101,"ses","lifestyle"
"interaction","ses_sexOrientationHetero","lifestyle_goHuntingFreq",0.144540430476811,4.77756526934251e-08,10,1101,"ses","lifestyle"
"interaction","ses_sexOrientationHetero","lifestyle_goHuntingFreq_factor",0.144540430476811,4.77756526934251e-08,10,1101,"ses","lifestyle"
"interaction","ses_sexOrientationHetero","lifestyle_goHuntingFreq_numeric",0.144540430476811,4.77756526934251e-08,10,1101,"ses","lifestyle"
"interaction","lifestyle_typeTransport","lifestyle_goMuseumsFreq",0.144384461541355,0.000596032300445652,15,1101,"lifestyle","lifestyle"
"interaction","lifestyle_typeTransport","lifestyle_goMuseumsFreq_factor",0.144384461541355,0.000596032300445652,15,1101,"lifestyle","lifestyle"
"interaction","lifestyle_typeTransport","lifestyle_goMuseumsFreq_numeric",0.144384461541355,0.000596032300445652,15,1101,"lifestyle","lifestyle"
"interaction","lifestyle_eatMeatFreq","lifestyle_motorizedActFreq_bin",0.144134259649416,0.000152707189906059,14,1101,"lifestyle","lifestyle"
"interaction","ses_dwelling_cat","lifestyle_motorizedActFreq_bin",0.143694199128606,0.000179660355932803,14,1101,"ses","lifestyle"
"interaction","ses_immigrant","lifestyle_favAlcool",0.143642032093721,7.50369148743364e-08,10,1101,"ses","lifestyle"
"interaction","ses_sexOrientationHetero","lifestyle_motorizedActFreq",0.143614926086244,7.60589783555033e-08,10,1101,"ses","lifestyle"
"interaction","ses_sexOrientationHetero","lifestyle_motorizedActFreq_factor",0.143614926086244,7.60589783555033e-08,10,1101,"ses","lifestyle"
"interaction","ses_sexOrientationHetero","lifestyle_motorizedActFreq_numeric",0.143614926086244,7.60589783555033e-08,10,1101,"ses","lifestyle"
"interaction","ses_sexOrientationHetero","lifestyle_clothingStyleGroups",0.14359216658963,3.0420445437696e-13,6,1101,"ses","lifestyle"
"interaction","lifestyle_exercise","lifestyle_goHuntingFreq_bin",0.143410441179549,0.00288925108361533,16,1101,"lifestyle","lifestyle"
"interaction","ses_educ_3Cat","ses_incomeCensus",0.143285743250678,0.176110813096522,21,1101,"ses","ses"
"interaction","lifestyle_typeTransport","lifestyle_volunteeringFreq",0.143264179654092,0.000868810420578515,15,1101,"lifestyle","lifestyle"
"interaction","lifestyle_typeTransport","lifestyle_volunteeringFreq_factor",0.143264179654092,0.000868810420578515,15,1101,"lifestyle","lifestyle"
"interaction","lifestyle_typeTransport","lifestyle_volunteeringFreq_numeric",0.143264179654092,0.000868810420578515,15,1101,"lifestyle","lifestyle"
"interaction","lifestyle_consCoffee","lifestyle_volunteeringFreq_bin",0.143236471805754,0.000212402205854795,14,1101,"lifestyle","lifestyle"
"interaction","lifestyle_consCoffee","lifestyle_ownPet_bin",0.143083578188622,0.000224533618786468,14,1101,"lifestyle","lifestyle"
"interaction","ses_genderFemale","lifestyle_eatMeatFreq",0.142814871493649,0.000247444039877558,14,1101,"ses","lifestyle"
"interaction","ses_age_4Cat","lifestyle_typeTransport",0.142725253935019,8.65905154789323e-06,12,1101,"ses","lifestyle"
"interaction","lifestyle_numberTattoos","lifestyle_typeTransport",0.142664746490511,0.0263299524842908,18,1101,"lifestyle","lifestyle"
"interaction","ses_ethnicity","lifestyle_motorizedActFreq_bin",0.14205484809991,0.000324677211922696,14,1101,"ses","lifestyle"
"interaction","ses_ethnicityWhite","lifestyle_exercise",0.141992227525153,0.0043912440750855,16,1101,"ses","lifestyle"
"interaction","ses_dwelling_cat","lifestyle_ownPet_bin",0.141966008570622,0.000335049798432984,14,1101,"ses","lifestyle"
"interaction","lifestyle_exercise","lifestyle_ownPet_bin",0.141670688214603,0.00481721211606703,16,1101,"lifestyle","lifestyle"
"interaction","ses_ethnicityWB","lifestyle_goFishingFreq",0.141624629966482,0.00148037161782462,15,1101,"ses","lifestyle"
"interaction","ses_ethnicityWB","lifestyle_goFishingFreq_factor",0.141624629966482,0.00148037161782462,15,1101,"ses","lifestyle"
"interaction","ses_ethnicityWB","lifestyle_goFishingFreq_numeric",0.141624629966482,0.00148037161782462,15,1101,"ses","lifestyle"
"single","lifestyle_hasTattoos",NA,0.141373080329962,0.000522460729673581,2,1101,"lifestyle",NA
"interaction","ses_genderFemale","lifestyle_ownPet",0.14129313284555,0.000424277782336654,14,1101,"ses","lifestyle"
"interaction","ses_immigrant","ses_incomeCensus",0.141099657676402,0.00045377348925255,14,1101,"ses","ses"
"interaction","lifestyle_eatMeatFreq","lifestyle_goMuseumsFreq_bin",0.141048699146782,0.000461854388060022,14,1101,"lifestyle","lifestyle"
"interaction","lifestyle_goMuseumsFreq","ses_educ_3Cat",0.140942458305798,0.00183586014643358,15,1101,"lifestyle","ses"
"interaction","lifestyle_goMuseumsFreq_factor","ses_educ_3Cat",0.140942458305798,0.00183586014643358,15,1101,"lifestyle","ses"
"interaction","lifestyle_goMuseumsFreq_numeric","ses_educ_3Cat",0.140942458305798,0.00183586014643358,15,1101,"lifestyle","ses"
"interaction","lifestyle_favAlcool","lifestyle_goHuntingFreq_bin",0.140695372512543,3.16354984920218e-07,10,1101,"lifestyle","lifestyle"
"interaction","ses_dwelling_cat","lifestyle_goMuseumsFreq_bin",0.140674016567932,0.000525520017677418,14,1101,"ses","lifestyle"
"single","lifestyle_clothingStyleGroups",NA,0.14048562775077,4.11569498222365e-06,3,1101,"lifestyle",NA
"interaction","ses_ethnicityWhite","lifestyle_favAlcool",0.140360863665628,3.70975670755858e-07,10,1101,"ses","lifestyle"
"interaction","lifestyle_exercise","lifestyle_motorizedActFreq_bin",0.140216536874795,0.00724382821841087,16,1101,"lifestyle","lifestyle"
"interaction","lifestyle_clothingStyleGroups","lifestyle_volunteeringFreq",0.140100227769864,0.00238199820860883,15,1101,"lifestyle","lifestyle"
"interaction","lifestyle_clothingStyleGroups","lifestyle_volunteeringFreq_factor",0.140100227769864,0.00238199820860883,15,1101,"lifestyle","lifestyle"
"interaction","lifestyle_clothingStyleGroups","lifestyle_volunteeringFreq_numeric",0.140100227769864,0.00238199820860883,15,1101,"lifestyle","lifestyle"
"interaction","ses_dwelling_cat","lifestyle_goFishingFreq_bin",0.139784907731313,0.000710708702123056,14,1101,"ses","lifestyle"
"interaction","ses_age_4Cat","ses_income_3Cat",0.139332643742137,3.50814742108976e-05,12,1101,"ses","ses"
"interaction","lifestyle_favAlcool","lifestyle_volunteeringFreq_bin",0.138972449539642,7.12153534620626e-07,10,1101,"lifestyle","lifestyle"
"interaction","ses_dwelling_cat","ses_genderFemale",0.138903435843202,0.000952595836905438,14,1101,"ses","ses"
"interaction","lifestyle_consCoffee","lifestyle_motorizedActFreq_bin",0.138833892271027,0.000974604407913375,14,1101,"lifestyle","lifestyle"
"interaction","lifestyle_favAlcool","lifestyle_ownPet_bin",0.138717718617039,8.01416687983437e-07,10,1101,"lifestyle","lifestyle"
"interaction","lifestyle_numberTattoos","lifestyle_goHuntingFreq_bin",0.138657860411312,4.58422501049229e-05,12,1101,"lifestyle","lifestyle"
"interaction","lifestyle_goFishingFreq_bin","lifestyle_goMuseumsFreq",0.138303623867537,9.70013149224765e-07,10,1101,"lifestyle","lifestyle"
"interaction","lifestyle_goFishingFreq_bin","lifestyle_goMuseumsFreq_factor",0.138303623867537,9.70013149224765e-07,10,1101,"lifestyle","lifestyle"
"interaction","lifestyle_goFishingFreq_bin","lifestyle_goMuseumsFreq_numeric",0.138303623867537,9.70013149224765e-07,10,1101,"lifestyle","lifestyle"
"interaction","ses_ethnicityWhite","lifestyle_goFishingFreq_bin",0.138085476149924,7.69671761485701e-08,4,1101,"ses","lifestyle"
"interaction","ses_age_4Cat","ses_educ_3Cat",0.13791432341247,6.13045022393714e-05,12,1101,"ses","ses"
"interaction","lifestyle_hasTattoos","ses_dwelling_cat",0.137913492623489,0.00131370915045183,14,1101,"lifestyle","ses"
"interaction","lifestyle_numberTattoos","lifestyle_goFishingFreq_bin",0.137803198918479,6.40022237891561e-05,12,1101,"lifestyle","lifestyle"
"interaction","lifestyle_hasTattoos","lifestyle_favAlcool",0.137716610606355,1.26872138353907e-06,10,1101,"lifestyle","lifestyle"
"interaction","ses_immigrant","lifestyle_goFishingFreq_bin",0.137414115236258,9.82788719500507e-08,4,1101,"ses","lifestyle"
"interaction","lifestyle_hasTattoos","lifestyle_goHuntingFreq_bin",0.137190299595412,1.06580949335514e-07,4,1101,"lifestyle","lifestyle"
"interaction","lifestyle_goHuntingFreq_bin","lifestyle_goMuseumsFreq",0.136742850460147,1.96920216923775e-06,10,1101,"lifestyle","lifestyle"
"interaction","lifestyle_goHuntingFreq_bin","lifestyle_goMuseumsFreq_factor",0.136742850460147,1.96920216923775e-06,10,1101,"lifestyle","lifestyle"
"interaction","lifestyle_goHuntingFreq_bin","lifestyle_goMuseumsFreq_numeric",0.136742850460147,1.96920216923775e-06,10,1101,"lifestyle","lifestyle"
"interaction","lifestyle_favAlcool","lifestyle_goFishingFreq_bin",0.136269832901695,2.43173609469998e-06,10,1101,"lifestyle","lifestyle"
"interaction","lifestyle_ownPet","lifestyle_motorizedActFreq_bin",0.136183539232297,0.00225987284891131,14,1101,"lifestyle","lifestyle"
"interaction","ses_ethnicity","ses_genderFemale",0.135986838879555,0.00239991932721139,14,1101,"ses","ses"
"interaction","lifestyle_ownPet","lifestyle_volunteeringFreq_bin",0.135986702896907,0.00240001882249444,14,1101,"lifestyle","lifestyle"
"interaction","lifestyle_volunteeringFreq","ses_educ_3Cat",0.135694823072373,0.00845376185511537,15,1101,"lifestyle","ses"
"interaction","lifestyle_volunteeringFreq_factor","ses_educ_3Cat",0.135694823072373,0.00845376185511537,15,1101,"lifestyle","ses"
"interaction","lifestyle_volunteeringFreq_numeric","ses_educ_3Cat",0.135694823072373,0.00845376185511537,15,1101,"lifestyle","ses"
"interaction","ses_educ_5Cat","ses_income_3Cat",0.135673045933772,0.00850346648779121,15,1101,"ses","ses"
"interaction","ses_immigrant","lifestyle_goHuntingFreq_bin",0.135358745809225,2.05443243776057e-07,4,1101,"ses","lifestyle"
"interaction","lifestyle_goHuntingFreq_bin","ses_income",0.135141251119181,0.026204493738687,16,1101,"lifestyle","ses"
"interaction","lifestyle_exercise","lifestyle_goMuseumsFreq_bin",0.135108117139937,0.0264067639628788,16,1101,"lifestyle","lifestyle"
"interaction","ses_immigrant","ses_ethnicity",0.135032116877203,0.00319875608999758,14,1101,"ses","ses"
"interaction","ses_sexOrientation","lifestyle_goMuseumsFreq_bin",0.134953459280453,3.27656797783679e-08,8,1101,"ses","lifestyle"
"interaction","lifestyle_hasTattoos","ses_income",0.134943627765781,0.0274305513404729,16,1101,"lifestyle","ses"
"single","ses_ethnicityWhite",NA,0.134936063206462,0.00122474929992964,2,1101,"ses",NA
"interaction","ses_sexOrientationHetero","ses_educ_3Cat",0.13457846032177,7.03971920213394e-11,6,1101,"ses","ses"
"interaction","ses_ethnicityWB","lifestyle_volunteeringFreq",0.134518074428931,0.0115392735063303,15,1101,"ses","lifestyle"
"interaction","ses_ethnicityWB","lifestyle_volunteeringFreq_factor",0.134518074428931,0.0115392735063303,15,1101,"ses","lifestyle"
"interaction","ses_ethnicityWB","lifestyle_volunteeringFreq_numeric",0.134518074428931,0.0115392735063303,15,1101,"ses","lifestyle"
"interaction","ses_immigrant","lifestyle_smokeFreq",0.134218435450931,0.00406224130819904,14,1101,"ses","lifestyle"
"interaction","lifestyle_hasTattoos","lifestyle_goFishingFreq_bin",0.134195540210964,3.09552533322831e-07,4,1101,"lifestyle","lifestyle"
"interaction","ses_genderFemale","lifestyle_smokeFreq",0.133866216384525,0.00449736531474721,14,1101,"ses","lifestyle"
"interaction","lifestyle_volunteeringFreq","ses_income_3Cat",0.133813351004701,0.0138266136065112,15,1101,"lifestyle","ses"
"interaction","lifestyle_volunteeringFreq_factor","ses_income_3Cat",0.133813351004701,0.0138266136065112,15,1101,"lifestyle","ses"
"interaction","lifestyle_volunteeringFreq_numeric","ses_income_3Cat",0.133813351004701,0.0138266136065112,15,1101,"lifestyle","ses"
"interaction","lifestyle_hasTattoos","ses_ethnicity",0.133697173437363,0.00472074354434239,14,1101,"lifestyle","ses"
"interaction","lifestyle_goFishingFreq_bin","ses_income",0.133645044510633,0.0367467983889633,16,1101,"lifestyle","ses"
"interaction","ses_ethnicityWB","ses_sexOrientationHetero",0.133634198208872,1.20700495830324e-10,6,1101,"ses","ses"
"interaction","lifestyle_clothingStyleGroups","lifestyle_typeTransport",0.133621865562093,8.19602589687401e-07,9,1101,"lifestyle","lifestyle"
"single","lifestyle_ownPet_bin",NA,0.133518226310698,0.00146755680286093,2,1101,"lifestyle",NA
"interaction","lifestyle_typeTransport","ses_educ_5Cat",0.133304169588389,0.0157162208502632,15,1101,"lifestyle","ses"
"interaction","ses_income","lifestyle_motorizedActFreq_bin",0.13236037731241,0.0484020532115686,16,1101,"ses","lifestyle"
"interaction","ses_sexOrientationHetero","ses_income_3Cat",0.132321398346115,2.52900489513845e-10,6,1101,"ses","ses"
"interaction","ses_immigrant","lifestyle_goMuseumsFreq",0.132212778322477,1.38549857036776e-05,10,1101,"ses","lifestyle"
"interaction","ses_immigrant","lifestyle_goMuseumsFreq_factor",0.132212778322477,1.38549857036776e-05,10,1101,"ses","lifestyle"
"interaction","ses_immigrant","lifestyle_goMuseumsFreq_numeric",0.132212778322477,1.38549857036776e-05,10,1101,"ses","lifestyle"
"interaction","ses_income_3Cat","lifestyle_motorizedActFreq",0.132158582178727,0.0208017566754468,15,1101,"ses","lifestyle"
"interaction","ses_income_3Cat","lifestyle_motorizedActFreq_factor",0.132158582178727,0.0208017566754468,15,1101,"ses","lifestyle"
"interaction","ses_income_3Cat","lifestyle_motorizedActFreq_numeric",0.132158582178727,0.0208017566754468,15,1101,"ses","lifestyle"
"interaction","ses_immigrant","lifestyle_numberTattoos",0.131910328488914,0.000545940507013872,12,1101,"ses","lifestyle"
"interaction","ses_ethnicityWhite","lifestyle_goMuseumsFreq",0.131596221819826,1.78522429934822e-05,10,1101,"ses","lifestyle"
"interaction","ses_ethnicityWhite","lifestyle_goMuseumsFreq_factor",0.131596221819826,1.78522429934822e-05,10,1101,"ses","lifestyle"
"interaction","ses_ethnicityWhite","lifestyle_goMuseumsFreq_numeric",0.131596221819826,1.78522429934822e-05,10,1101,"ses","lifestyle"
"interaction","ses_ethnicityWhite","lifestyle_smokeFreq",0.131396972524013,0.00891908077424528,14,1101,"ses","lifestyle"
"interaction","lifestyle_volunteeringFreq_bin","ses_income",0.131353983537809,0.0594906528018431,16,1101,"lifestyle","ses"
"interaction","lifestyle_typeTransport","lifestyle_goFishingFreq",0.131258693425185,0.0257292257492924,15,1101,"lifestyle","lifestyle"
"interaction","lifestyle_typeTransport","lifestyle_goFishingFreq_factor",0.131258693425185,0.0257292257492924,15,1101,"lifestyle","lifestyle"
"interaction","lifestyle_typeTransport","lifestyle_goFishingFreq_numeric",0.131258693425185,0.0257292257492924,15,1101,"lifestyle","lifestyle"
"interaction","lifestyle_hasTattoos","lifestyle_ownPet",0.13123644500436,0.00930886463968111,14,1101,"lifestyle","lifestyle"
"interaction","ses_ethnicityWB","lifestyle_motorizedActFreq",0.131179986496243,0.026203744134108,15,1101,"ses","lifestyle"
"interaction","ses_ethnicityWB","lifestyle_motorizedActFreq_factor",0.131179986496243,0.026203744134108,15,1101,"ses","lifestyle"
"interaction","ses_ethnicityWB","lifestyle_motorizedActFreq_numeric",0.131179986496243,0.026203744134108,15,1101,"ses","lifestyle"
"interaction","lifestyle_consClothes","ses_income_3Cat",0.130717818145529,0.000814548204491119,12,1101,"lifestyle","ses"
"single","ses_genderFemale",NA,0.130710465280683,0.00208445423524147,2,1101,"ses",NA
"interaction","ses_genderFemale","lifestyle_goMuseumsFreq",0.13054732717147,2.729443029916e-05,10,1101,"ses","lifestyle"
"interaction","ses_genderFemale","lifestyle_goMuseumsFreq_factor",0.13054732717147,2.729443029916e-05,10,1101,"ses","lifestyle"
"interaction","ses_genderFemale","lifestyle_goMuseumsFreq_numeric",0.13054732717147,2.729443029916e-05,10,1101,"ses","lifestyle"
"interaction","ses_ethnicityWhite","lifestyle_goHuntingFreq_bin",0.130527557460139,1.08894563792463e-06,4,1101,"ses","lifestyle"
"interaction","lifestyle_goFishingFreq","ses_income_3Cat",0.130484626394243,0.0307265923728017,15,1101,"lifestyle","ses"
"interaction","lifestyle_goFishingFreq_factor","ses_income_3Cat",0.130484626394243,0.0307265923728017,15,1101,"lifestyle","ses"
"interaction","lifestyle_goFishingFreq_numeric","ses_income_3Cat",0.130484626394243,0.0307265923728017,15,1101,"lifestyle","ses"
"interaction","lifestyle_numberTattoos","lifestyle_motorizedActFreq_bin",0.130289369218005,0.000937866213502098,12,1101,"lifestyle","lifestyle"
"interaction","lifestyle_goFishingFreq","ses_educ_3Cat",0.130250666149374,0.032388456209255,15,1101,"lifestyle","ses"
"interaction","lifestyle_goFishingFreq_factor","ses_educ_3Cat",0.130250666149374,0.032388456209255,15,1101,"lifestyle","ses"
"interaction","lifestyle_goFishingFreq_numeric","ses_educ_3Cat",0.130250666149374,0.032388456209255,15,1101,"lifestyle","ses"
"interaction","lifestyle_goHuntingFreq_bin","ses_incomeCensus",0.130136915497173,0.0124067092946088,14,1101,"lifestyle","ses"
"interaction","lifestyle_goHuntingFreq","ses_educ_3Cat",0.130102690127421,0.0334778342022538,15,1101,"lifestyle","ses"
"interaction","lifestyle_goHuntingFreq_factor","ses_educ_3Cat",0.130102690127421,0.0334778342022538,15,1101,"lifestyle","ses"
"interaction","lifestyle_goHuntingFreq_numeric","ses_educ_3Cat",0.130102690127421,0.0334778342022538,15,1101,"lifestyle","ses"
"interaction","ses_genderFemale","lifestyle_favAlcool",0.130073945758959,3.29677449681746e-05,10,1101,"ses","lifestyle"
"interaction","lifestyle_hasTattoos","ses_incomeCensus",0.129962294512724,0.0129739401082743,14,1101,"lifestyle","ses"
"interaction","lifestyle_numberTattoos","ses_ethnicityWhite",0.129619567735059,0.00116565682776668,12,1101,"lifestyle","ses"
"interaction","ses_ethnicityWhite","ses_income",0.129522947058071,0.084751090406884,16,1101,"ses","ses"
"interaction","ses_ethnicityWB","lifestyle_consClothes",0.129234876966768,0.0013185509395241,12,1101,"ses","lifestyle"
"interaction","ses_sexOrientationHetero","lifestyle_typeTransport",0.129081140920023,1.49392209515276e-09,6,1101,"ses","lifestyle"
"interaction","lifestyle_ownPet_bin","ses_income",0.129004472446676,0.0932172582202071,16,1101,"lifestyle","ses"
"interaction","lifestyle_ownPet","lifestyle_goMuseumsFreq_bin",0.128929531498196,0.0168138443435134,14,1101,"lifestyle","lifestyle"
"interaction","ses_age_4Cat","lifestyle_goFishingFreq_bin",0.128702719332606,6.69457861481962e-07,8,1101,"ses","lifestyle"
"interaction","ses_immigrant","lifestyle_volunteeringFreq_bin",0.128599282220553,2.064962715787e-06,4,1101,"ses","lifestyle"
"interaction","lifestyle_hasTattoos","lifestyle_goMuseumsFreq",0.128245241596455,6.72811852963761e-05,10,1101,"lifestyle","lifestyle"
"interaction","lifestyle_hasTattoos","lifestyle_goMuseumsFreq_factor",0.128245241596455,6.72811852963761e-05,10,1101,"lifestyle","lifestyle"
"interaction","lifestyle_hasTattoos","lifestyle_goMuseumsFreq_numeric",0.128245241596455,6.72811852963761e-05,10,1101,"lifestyle","lifestyle"
"interaction","lifestyle_clothingStyleGroups","ses_income_3Cat",0.127943067381623,9.8979516273622e-06,9,1101,"lifestyle","ses"
"interaction","lifestyle_ownPet_bin","lifestyle_goMuseumsFreq",0.127914939766126,7.63233702968311e-05,10,1101,"lifestyle","lifestyle"
"interaction","lifestyle_ownPet_bin","lifestyle_goMuseumsFreq_factor",0.127914939766126,7.63233702968311e-05,10,1101,"lifestyle","lifestyle"
"interaction","lifestyle_ownPet_bin","lifestyle_goMuseumsFreq_numeric",0.127914939766126,7.63233702968311e-05,10,1101,"lifestyle","lifestyle"
"interaction","ses_ethnicityWB","lifestyle_clothingStyleGroups",0.12764697018339,1.11966731132227e-05,9,1101,"ses","lifestyle"
"interaction","lifestyle_goFishingFreq_bin","ses_incomeCensus",0.127631236372983,0.0230034281457046,14,1101,"lifestyle","ses"
"interaction","ses_ethnicityWhite","lifestyle_goHuntingFreq",0.127626709793171,8.5142608853804e-05,10,1101,"ses","lifestyle"
"interaction","ses_ethnicityWhite","lifestyle_goHuntingFreq_factor",0.127626709793171,8.5142608853804e-05,10,1101,"ses","lifestyle"
"interaction","ses_ethnicityWhite","lifestyle_goHuntingFreq_numeric",0.127626709793171,8.5142608853804e-05,10,1101,"ses","lifestyle"
"interaction","lifestyle_goMuseumsFreq","lifestyle_volunteeringFreq_bin",0.127608519346376,8.57303699883443e-05,10,1101,"lifestyle","lifestyle"
"interaction","lifestyle_goMuseumsFreq_factor","lifestyle_volunteeringFreq_bin",0.127608519346376,8.57303699883443e-05,10,1101,"lifestyle","lifestyle"
"interaction","lifestyle_goMuseumsFreq_numeric","lifestyle_volunteeringFreq_bin",0.127608519346376,8.57303699883443e-05,10,1101,"lifestyle","lifestyle"
"interaction","lifestyle_consClothes","ses_educ_3Cat",0.127604826939992,0.00219360897412463,12,1101,"lifestyle","ses"
"interaction","lifestyle_clothingStyleGroups","ses_educ_3Cat",0.127560091288559,1.1607672192539e-05,9,1101,"lifestyle","ses"
"interaction","lifestyle_smokeFreq","lifestyle_volunteeringFreq_bin",0.127306101616286,0.0248277877131833,14,1101,"lifestyle","lifestyle"
"interaction","lifestyle_smokeFreq","lifestyle_goHuntingFreq_bin",0.127303354014831,0.0248437135018839,14,1101,"lifestyle","lifestyle"
"interaction","ses_immigrant","lifestyle_hasTattoos",0.127220340110221,3.23377971874952e-06,4,1101,"ses","lifestyle"
"interaction","lifestyle_typeTransport","lifestyle_motorizedActFreq",0.127035857973184,0.0638048821819335,15,1101,"lifestyle","lifestyle"
"interaction","lifestyle_typeTransport","lifestyle_motorizedActFreq_factor",0.127035857973184,0.0638048821819335,15,1101,"lifestyle","lifestyle"
"interaction","lifestyle_typeTransport","lifestyle_motorizedActFreq_numeric",0.127035857973184,0.0638048821819335,15,1101,"lifestyle","lifestyle"
"interaction","ses_age_4Cat","ses_genderFemale",0.127009627064147,1.44384158907701e-06,8,1101,"ses","ses"
"interaction","lifestyle_numberTattoos","lifestyle_volunteeringFreq_bin",0.126967284740171,0.00266126195238883,12,1101,"lifestyle","lifestyle"
"interaction","ses_incomeCensus","lifestyle_motorizedActFreq_bin",0.126773167569975,0.0280833728576593,14,1101,"ses","lifestyle"
"interaction","lifestyle_volunteeringFreq_bin","ses_incomeCensus",0.126758789450783,0.0281759703402908,14,1101,"lifestyle","ses"
"interaction","ses_age_4Cat","lifestyle_goHuntingFreq_bin",0.126729811772124,1.63610795482798e-06,8,1101,"ses","lifestyle"
"interaction","ses_age_4Cat","lifestyle_ownPet_bin",0.126685277673503,1.66889870159399e-06,8,1101,"ses","lifestyle"
"interaction","lifestyle_numberTattoos","lifestyle_ownPet_bin",0.126483666339206,0.00307468949185183,12,1101,"lifestyle","lifestyle"
"interaction","lifestyle_hasTattoos","lifestyle_smokeFreq",0.126408337951778,0.0305137558944133,14,1101,"lifestyle","lifestyle"
"interaction","ses_immigrant","ses_age_4Cat",0.12632882044901,1.95516317899277e-06,8,1101,"ses","ses"
"interaction","ses_genderFemale","ses_income",0.126267068400751,0.148622884700916,16,1101,"ses","ses"
"interaction","lifestyle_hasTattoos","ses_ethnicityWhite",0.126102698451022,4.6257197681939e-06,4,1101,"lifestyle","ses"
"interaction","ses_ethnicityWB","ses_educ_5Cat",0.125983106036929,0.0782099111143352,15,1101,"ses","ses"
"interaction","lifestyle_clothingStyleGroups","lifestyle_goFishingFreq_bin",0.125923374305413,7.87823353004034e-09,6,1101,"lifestyle","lifestyle"
"interaction","lifestyle_favAlcool","lifestyle_goMuseumsFreq_bin",0.125716160046982,0.000172930273307212,10,1101,"lifestyle","lifestyle"
"interaction","ses_ethnicityWB","lifestyle_ownPet_bin",0.125640010878671,9.11566556387747e-09,6,1101,"ses","lifestyle"
"interaction","lifestyle_smokeFreq","lifestyle_ownPet_bin",0.125522083290441,0.0371603158709746,14,1101,"lifestyle","lifestyle"
"interaction","lifestyle_goHuntingFreq","ses_income_3Cat",0.125321462851493,0.08847320042682,15,1101,"lifestyle","ses"
"interaction","lifestyle_goHuntingFreq_factor","ses_income_3Cat",0.125321462851493,0.08847320042682,15,1101,"lifestyle","ses"
"interaction","lifestyle_goHuntingFreq_numeric","ses_income_3Cat",0.125321462851493,0.08847320042682,15,1101,"lifestyle","ses"
"interaction","lifestyle_hasTattoos","lifestyle_goFishingFreq",0.125310178117497,0.000200297637618109,10,1101,"lifestyle","lifestyle"
"interaction","lifestyle_hasTattoos","lifestyle_goFishingFreq_factor",0.125310178117497,0.000200297637618109,10,1101,"lifestyle","lifestyle"
"interaction","lifestyle_hasTattoos","lifestyle_goFishingFreq_numeric",0.125310178117497,0.000200297637618109,10,1101,"lifestyle","lifestyle"
"interaction","lifestyle_ownPet_bin","ses_educ_5Cat",0.125280366723725,0.000202459934888107,10,1101,"lifestyle","ses"
"interaction","lifestyle_favAlcool","lifestyle_motorizedActFreq_bin",0.125117184493553,0.000214689968877804,10,1101,"lifestyle","lifestyle"
"interaction","lifestyle_goMuseumsFreq","lifestyle_motorizedActFreq_bin",0.124762750979422,0.0002436848029606,10,1101,"lifestyle","lifestyle"
"interaction","lifestyle_goMuseumsFreq_factor","lifestyle_motorizedActFreq_bin",0.124762750979422,0.0002436848029606,10,1101,"lifestyle","lifestyle"
"interaction","lifestyle_goMuseumsFreq_numeric","lifestyle_motorizedActFreq_bin",0.124762750979422,0.0002436848029606,10,1101,"lifestyle","lifestyle"
"interaction","ses_immigrant","ses_ethnicityWhite",0.124534878965506,7.57902340823524e-06,4,1101,"ses","ses"
"interaction","lifestyle_numberTattoos","ses_genderFemale",0.1241032611259,0.00608826238537079,12,1101,"lifestyle","ses"
"interaction","ses_educ_3Cat","lifestyle_motorizedActFreq",0.124026642855369,0.111463286277887,15,1101,"ses","lifestyle"
"interaction","ses_educ_3Cat","lifestyle_motorizedActFreq_factor",0.124026642855369,0.111463286277887,15,1101,"ses","lifestyle"
"interaction","ses_educ_3Cat","lifestyle_motorizedActFreq_numeric",0.124026642855369,0.111463286277887,15,1101,"ses","lifestyle"
"interaction","ses_immigrant","ses_educ_5Cat",0.123660038226225,0.000359149654630789,10,1101,"ses","ses"
"single","ses_age_4Cat",NA,0.123646581022876,9.98177613853246e-06,4,1101,"ses",NA
"interaction","ses_ethnicityWhite","lifestyle_goFishingFreq",0.123335706264207,0.00040182266037367,10,1101,"ses","lifestyle"
"interaction","ses_ethnicityWhite","lifestyle_goFishingFreq_factor",0.123335706264207,0.00040182266037367,10,1101,"ses","lifestyle"
"interaction","ses_ethnicityWhite","lifestyle_goFishingFreq_numeric",0.123335706264207,0.00040182266037367,10,1101,"ses","lifestyle"
"interaction","ses_age_4Cat","ses_ethnicityWB",0.12307236830186,0.00806839806422252,12,1101,"ses","ses"
"interaction","lifestyle_smokeFreq","lifestyle_goFishingFreq_bin",0.122963027228455,0.0633116769156925,14,1101,"lifestyle","lifestyle"
"interaction","lifestyle_goFishingFreq_bin","lifestyle_volunteeringFreq",0.122743775954739,0.000492154779743043,10,1101,"lifestyle","lifestyle"
"interaction","lifestyle_goFishingFreq_bin","lifestyle_volunteeringFreq_factor",0.122743775954739,0.000492154779743043,10,1101,"lifestyle","lifestyle"
"interaction","lifestyle_goFishingFreq_bin","lifestyle_volunteeringFreq_numeric",0.122743775954739,0.000492154779743043,10,1101,"lifestyle","lifestyle"
"interaction","ses_ethnicityWhite","ses_genderFemale",0.122400494153202,1.46100119377687e-05,4,1101,"ses","ses"
"interaction","lifestyle_hasTattoos","ses_educ_5Cat",0.122158996922697,0.000599700370102168,10,1101,"lifestyle","ses"
"single","ses_dwelling",NA,0.121932963743834,0.00299775945451983,11,1101,"ses",NA
"interaction","ses_ethnicityWhite","ses_incomeCensus",0.121893200918751,0.0778625368178106,14,1101,"ses","ses"
"interaction","lifestyle_goFishingFreq","lifestyle_volunteeringFreq_bin",0.121784855119928,0.000679577258143508,10,1101,"lifestyle","lifestyle"
"interaction","lifestyle_goFishingFreq_factor","lifestyle_volunteeringFreq_bin",0.121784855119928,0.000679577258143508,10,1101,"lifestyle","lifestyle"
"interaction","lifestyle_goFishingFreq_numeric","lifestyle_volunteeringFreq_bin",0.121784855119928,0.000679577258143508,10,1101,"lifestyle","lifestyle"
"interaction","ses_genderFemale","lifestyle_goFishingFreq_bin",0.121583078092623,1.86940246531192e-05,4,1101,"ses","lifestyle"
"interaction","ses_immigrant","ses_genderFemale",0.121271422850806,2.052154413355e-05,4,1101,"ses","ses"
"interaction","ses_immigrant","lifestyle_goHuntingFreq",0.121116985966772,0.000847205853142411,10,1101,"ses","lifestyle"
"interaction","ses_immigrant","lifestyle_goHuntingFreq_factor",0.121116985966772,0.000847205853142411,10,1101,"ses","lifestyle"
"interaction","ses_immigrant","lifestyle_goHuntingFreq_numeric",0.121116985966772,0.000847205853142411,10,1101,"ses","lifestyle"
"interaction","lifestyle_volunteeringFreq","lifestyle_motorizedActFreq_bin",0.120847275181345,0.000925176478807657,10,1101,"lifestyle","lifestyle"
"interaction","lifestyle_volunteeringFreq_factor","lifestyle_motorizedActFreq_bin",0.120847275181345,0.000925176478807657,10,1101,"lifestyle","lifestyle"
"interaction","lifestyle_volunteeringFreq_numeric","lifestyle_motorizedActFreq_bin",0.120847275181345,0.000925176478807657,10,1101,"lifestyle","lifestyle"
"interaction","ses_immigrant","lifestyle_volunteeringFreq",0.120760936393322,0.000951506771064834,10,1101,"ses","lifestyle"
"interaction","ses_immigrant","lifestyle_volunteeringFreq_factor",0.120760936393322,0.000951506771064834,10,1101,"ses","lifestyle"
"interaction","ses_immigrant","lifestyle_volunteeringFreq_numeric",0.120760936393322,0.000951506771064834,10,1101,"ses","lifestyle"
"interaction","ses_ethnicityWB","lifestyle_typeTransport",0.120725743233017,0.000165420546047198,9,1101,"ses","lifestyle"
"interaction","lifestyle_ownPet_bin","lifestyle_goFishingFreq_bin",0.120585832217651,2.51604943887721e-05,4,1101,"lifestyle","lifestyle"
"single","lifestyle_favAlcool",NA,0.120425984896635,1.7652183152717e-06,5,1101,"lifestyle",NA
"interaction","lifestyle_goMuseumsFreq_bin","ses_income",0.120203262881956,0.3380747709413,16,1101,"lifestyle","ses"
"interaction","ses_genderFemale","lifestyle_goFishingFreq",0.119889784914281,0.00125879085346577,10,1101,"ses","lifestyle"
"interaction","ses_genderFemale","lifestyle_goFishingFreq_factor",0.119889784914281,0.00125879085346577,10,1101,"ses","lifestyle"
"interaction","ses_genderFemale","lifestyle_goFishingFreq_numeric",0.119889784914281,0.00125879085346577,10,1101,"ses","lifestyle"
"interaction","ses_genderFemale","lifestyle_volunteeringFreq",0.119795270529419,0.00129713083403188,10,1101,"ses","lifestyle"
"interaction","ses_genderFemale","lifestyle_volunteeringFreq_factor",0.119795270529419,0.00129713083403188,10,1101,"ses","lifestyle"
"interaction","ses_genderFemale","lifestyle_volunteeringFreq_numeric",0.119795270529419,0.00129713083403188,10,1101,"ses","lifestyle"
"interaction","lifestyle_goFishingFreq_bin","lifestyle_volunteeringFreq_bin",0.119648363316133,3.31442344075538e-05,4,1101,"lifestyle","lifestyle"
"interaction","lifestyle_hasTattoos","lifestyle_goHuntingFreq",0.119628827420505,0.00136727533102125,10,1101,"lifestyle","lifestyle"
"interaction","lifestyle_hasTattoos","lifestyle_goHuntingFreq_factor",0.119628827420505,0.00136727533102125,10,1101,"lifestyle","lifestyle"
"interaction","lifestyle_hasTattoos","lifestyle_goHuntingFreq_numeric",0.119628827420505,0.00136727533102125,10,1101,"lifestyle","lifestyle"
"interaction","lifestyle_typeTransport","lifestyle_consClothes",0.119283715679381,0.0210855661911716,12,1101,"lifestyle","lifestyle"
"interaction","lifestyle_ownPet_bin","ses_incomeCensus",0.118813076579672,0.134119107865929,14,1101,"lifestyle","ses"
"interaction","lifestyle_ownPet_bin","lifestyle_goHuntingFreq_bin",0.11862927396133,4.45411222381849e-05,4,1101,"lifestyle","lifestyle"
"interaction","ses_age_4Cat","lifestyle_motorizedActFreq_bin",0.118533101485327,4.93318793435134e-05,8,1101,"ses","lifestyle"
"interaction","lifestyle_volunteeringFreq_bin","lifestyle_motorizedActFreq",0.118486080767186,0.00195129225390864,10,1101,"lifestyle","lifestyle"
"interaction","lifestyle_volunteeringFreq_bin","lifestyle_motorizedActFreq_factor",0.118486080767186,0.00195129225390864,10,1101,"lifestyle","lifestyle"
"interaction","lifestyle_volunteeringFreq_bin","lifestyle_motorizedActFreq_numeric",0.118486080767186,0.00195129225390864,10,1101,"lifestyle","lifestyle"
"interaction","ses_genderFemale","lifestyle_ownPet_bin",0.11835793926441,4.81533505649171e-05,4,1101,"ses","lifestyle"
"interaction","lifestyle_clothingStyleGroups","lifestyle_goHuntingFreq_bin",0.118179578517764,3.48245132673496e-07,6,1101,"lifestyle","lifestyle"
"interaction","ses_ethnicityWB","lifestyle_goHuntingFreq_bin",0.118114003224716,3.58964130473725e-07,6,1101,"ses","lifestyle"
"interaction","ses_genderFemale","ses_incomeCensus",0.118085399630057,0.150815776951672,14,1101,"ses","ses"
"interaction","lifestyle_smokeFreq","lifestyle_motorizedActFreq_bin",0.118082674399869,0.150880865272995,14,1101,"lifestyle","lifestyle"
"interaction","lifestyle_numberTattoos","lifestyle_goMuseumsFreq_bin",0.118066993718692,0.0280029844278994,12,1101,"lifestyle","lifestyle"
"single","lifestyle_volunteeringFreq_bin",NA,0.117976822778212,0.00906290320103106,2,1101,"lifestyle",NA
"interaction","lifestyle_goHuntingFreq_bin","ses_educ_5Cat",0.117551422645608,0.00259014395543683,10,1101,"lifestyle","ses"
"interaction","lifestyle_hasTattoos","ses_genderFemale",0.116758039364236,7.57989073582832e-05,4,1101,"lifestyle","ses"
"interaction","lifestyle_typeTransport","ses_educ_3Cat",0.116749797669728,0.000658328237881005,9,1101,"lifestyle","ses"
"interaction","lifestyle_hasTattoos","lifestyle_volunteeringFreq",0.116739528391786,0.00329402931935874,10,1101,"lifestyle","lifestyle"
"interaction","lifestyle_hasTattoos","lifestyle_volunteeringFreq_factor",0.116739528391786,0.00329402931935874,10,1101,"lifestyle","lifestyle"
"interaction","lifestyle_hasTattoos","lifestyle_volunteeringFreq_numeric",0.116739528391786,0.00329402931935874,10,1101,"lifestyle","lifestyle"
"interaction","lifestyle_consClothes","lifestyle_goFishingFreq_bin",0.11668422591231,9.92658683260871e-05,8,1101,"lifestyle","lifestyle"
"interaction","ses_age_4Cat","lifestyle_hasTattoos",0.116544105653161,0.000104558504475189,8,1101,"ses","lifestyle"
"interaction","lifestyle_clothingStyleGroups","lifestyle_ownPet_bin",0.116379506744449,7.91724803858016e-07,6,1101,"lifestyle","lifestyle"
"interaction","ses_ethnicityWB","lifestyle_goFishingFreq_bin",0.116244901085896,8.41108557754915e-07,6,1101,"ses","lifestyle"
"interaction","lifestyle_ownPet_bin","lifestyle_volunteeringFreq_bin",0.115982872516383,9.40800432513504e-05,4,1101,"lifestyle","lifestyle"
"single","lifestyle_eatMeatFreq",NA,0.115624931715478,1.57580676856064e-05,7,1101,"lifestyle",NA
"interaction","ses_immigrant","lifestyle_typeTransport",0.115134805244256,1.37868603113023e-06,6,1101,"ses","lifestyle"
"interaction","lifestyle_ownPet_bin","lifestyle_volunteeringFreq",0.115081105529623,0.00529561717444799,10,1101,"lifestyle","lifestyle"
"interaction","lifestyle_ownPet_bin","lifestyle_volunteeringFreq_factor",0.115081105529623,0.00529561717444799,10,1101,"lifestyle","lifestyle"
"interaction","lifestyle_ownPet_bin","lifestyle_volunteeringFreq_numeric",0.115081105529623,0.00529561717444799,10,1101,"lifestyle","lifestyle"
"interaction","lifestyle_hasTattoos","lifestyle_volunteeringFreq_bin",0.11497789386549,0.000124039904687712,4,1101,"lifestyle","lifestyle"
"interaction","ses_immigrant","lifestyle_motorizedActFreq_bin",0.114913372120004,0.000126243311585894,4,1101,"ses","lifestyle"
"interaction","lifestyle_goHuntingFreq_bin","lifestyle_goFishingFreq_bin",0.114610992135729,0.000137071405492307,4,1101,"lifestyle","lifestyle"
"interaction","lifestyle_typeTransport","ses_income_3Cat",0.114378735229729,0.00141531033662884,9,1101,"lifestyle","ses"
"interaction","lifestyle_consClothes","lifestyle_goHuntingFreq_bin",0.114344843256928,0.000231743857650889,8,1101,"lifestyle","lifestyle"
"single","ses_ethnicityWB",NA,0.114211882513256,0.00138102564002716,3,1101,"ses",NA
"interaction","lifestyle_hasTattoos","lifestyle_ownPet_bin",0.113933171011221,0.00016461396222167,4,1101,"lifestyle","lifestyle"
"interaction","lifestyle_hasTattoos","lifestyle_motorizedActFreq",0.113900590954883,0.00732639928360445,10,1101,"lifestyle","lifestyle"
"interaction","lifestyle_hasTattoos","lifestyle_motorizedActFreq_factor",0.113900590954883,0.00732639928360445,10,1101,"lifestyle","lifestyle"
"interaction","lifestyle_hasTattoos","lifestyle_motorizedActFreq_numeric",0.113900590954883,0.00732639928360445,10,1101,"lifestyle","lifestyle"
"interaction","lifestyle_goMuseumsFreq_bin","ses_incomeCensus",0.11389420000355,0.273328232421887,14,1101,"lifestyle","ses"
"interaction","lifestyle_ownPet_bin","lifestyle_goFishingFreq",0.113693457207514,0.00774689982078172,10,1101,"lifestyle","lifestyle"
"interaction","lifestyle_ownPet_bin","lifestyle_goFishingFreq_factor",0.113693457207514,0.00774689982078172,10,1101,"lifestyle","lifestyle"
"interaction","lifestyle_ownPet_bin","lifestyle_goFishingFreq_numeric",0.113693457207514,0.00774689982078172,10,1101,"lifestyle","lifestyle"
"interaction","ses_genderFemale","lifestyle_volunteeringFreq_bin",0.113471915454425,0.000186256206018749,4,1101,"ses","lifestyle"
"interaction","ses_age_4Cat","lifestyle_volunteeringFreq_bin",0.113355005634238,0.000327631414468774,8,1101,"ses","lifestyle"
"interaction","lifestyle_goMuseumsFreq_bin","lifestyle_volunteeringFreq",0.113005363556457,0.00930198286831215,10,1101,"lifestyle","lifestyle"
"interaction","lifestyle_goMuseumsFreq_bin","lifestyle_volunteeringFreq_factor",0.113005363556457,0.00930198286831215,10,1101,"lifestyle","lifestyle"
"interaction","lifestyle_goMuseumsFreq_bin","lifestyle_volunteeringFreq_numeric",0.113005363556457,0.00930198286831215,10,1101,"lifestyle","lifestyle"
"interaction","ses_educ_3Cat","ses_income_3Cat",0.112843791852214,0.00226927608106236,9,1101,"ses","ses"
"interaction","ses_immigrant","lifestyle_motorizedActFreq",0.112738237713781,0.00997643197247552,10,1101,"ses","lifestyle"
"interaction","ses_immigrant","lifestyle_motorizedActFreq_factor",0.112738237713781,0.00997643197247552,10,1101,"ses","lifestyle"
"interaction","ses_immigrant","lifestyle_motorizedActFreq_numeric",0.112738237713781,0.00997643197247552,10,1101,"ses","lifestyle"
"interaction","ses_genderFemale","lifestyle_goHuntingFreq",0.112681883461429,0.0101241106210758,10,1101,"ses","lifestyle"
"interaction","ses_genderFemale","lifestyle_goHuntingFreq_factor",0.112681883461429,0.0101241106210758,10,1101,"ses","lifestyle"
"interaction","ses_genderFemale","lifestyle_goHuntingFreq_numeric",0.112681883461429,0.0101241106210758,10,1101,"ses","lifestyle"
"interaction","ses_ethnicityWhite","lifestyle_clothingStyleGroups",0.112602599497834,4.12042544049326e-06,6,1101,"ses","lifestyle"
"interaction","lifestyle_volunteeringFreq_bin","ses_educ_5Cat",0.112518839770564,0.0105622897511092,10,1101,"lifestyle","ses"
"single","lifestyle_typeTransport",NA,0.112466422054552,0.00190608968117968,3,1101,"lifestyle",NA
"interaction","ses_genderFemale","lifestyle_consClothes",0.112016337942498,0.000517140571761924,8,1101,"ses","lifestyle"
"single","ses_income_3Cat",NA,0.111939995726938,0.00209727904569012,3,1101,"ses",NA
"interaction","ses_ethnicity","lifestyle_goMuseumsFreq_bin",0.111852386206981,0.347759462835436,14,1101,"ses","lifestyle"
"interaction","ses_ethnicityWB","ses_income_3Cat",0.11171483280942,0.00317378809320186,9,1101,"ses","ses"
"interaction","ses_genderFemale","lifestyle_goHuntingFreq_bin",0.111670065008464,0.000299238938587885,4,1101,"ses","lifestyle"
"interaction","lifestyle_hasTattoos","ses_ethnicityWB",0.111229499932272,7.32064721270999e-06,6,1101,"lifestyle","ses"
"interaction","ses_ethnicityWB","ses_educ_3Cat",0.11092682677396,0.00398743523005488,9,1101,"ses","ses"
"interaction","ses_ethnicityWhite","lifestyle_volunteeringFreq",0.11083675704449,0.0161512827567269,10,1101,"ses","lifestyle"
"interaction","ses_ethnicityWhite","lifestyle_volunteeringFreq_factor",0.11083675704449,0.0161512827567269,10,1101,"ses","lifestyle"
"interaction","ses_ethnicityWhite","lifestyle_volunteeringFreq_numeric",0.11083675704449,0.0161512827567269,10,1101,"ses","lifestyle"
"single","lifestyle_goMuseumsFreq",NA,0.110745573693137,5.7587169082301e-05,5,1101,"lifestyle",NA
"single","lifestyle_goMuseumsFreq_factor",NA,0.110745573693137,5.7587169082301e-05,5,1101,"lifestyle",NA
"single","lifestyle_goMuseumsFreq_numeric",NA,0.110745573693137,5.7587169082301e-05,5,1101,"lifestyle",NA
"interaction","ses_ethnicityWhite","lifestyle_motorizedActFreq",0.110608792088382,0.0170784199075911,10,1101,"ses","lifestyle"
"interaction","ses_ethnicityWhite","lifestyle_motorizedActFreq_factor",0.110608792088382,0.0170784199075911,10,1101,"ses","lifestyle"
"interaction","ses_ethnicityWhite","lifestyle_motorizedActFreq_numeric",0.110608792088382,0.0170784199075911,10,1101,"ses","lifestyle"
"interaction","ses_genderFemale","lifestyle_clothingStyleGroups",0.110550975379846,9.67720838396384e-06,6,1101,"ses","lifestyle"
"interaction","ses_immigrant","ses_income_3Cat",0.110544264248361,9.70379833510967e-06,6,1101,"ses","ses"
"interaction","lifestyle_hasTattoos","lifestyle_consClothes",0.110381831662545,0.000886298958132188,8,1101,"lifestyle","lifestyle"
"interaction","lifestyle_goFishingFreq_bin","lifestyle_motorizedActFreq_bin",0.110210488124749,0.000435051365538772,4,1101,"lifestyle","lifestyle"
"interaction","lifestyle_hasTattoos","lifestyle_clothingStyleGroups",0.110121872352515,1.15256164383273e-05,6,1101,"lifestyle","lifestyle"
"interaction","lifestyle_goHuntingFreq_bin","lifestyle_motorizedActFreq",0.110103116601667,0.0193007224582872,10,1101,"lifestyle","lifestyle"
"interaction","lifestyle_goHuntingFreq_bin","lifestyle_motorizedActFreq_factor",0.110103116601667,0.0193007224582872,10,1101,"lifestyle","lifestyle"
"interaction","lifestyle_goHuntingFreq_bin","lifestyle_motorizedActFreq_numeric",0.110103116601667,0.0193007224582872,10,1101,"lifestyle","lifestyle"
"interaction","ses_age_4Cat","ses_ethnicityWhite",0.110046218463415,0.000987465503833275,8,1101,"ses","ses"
"single","lifestyle_consCoffee",NA,0.110029384505098,0.000134534223517221,7,1101,"lifestyle",NA
"interaction","lifestyle_goFishingFreq_bin","ses_educ_5Cat",0.10999084761465,0.0198265796262487,10,1101,"lifestyle","ses"
"interaction","lifestyle_goFishingFreq","lifestyle_motorizedActFreq_bin",0.109936564476883,0.020085223894843,10,1101,"lifestyle","lifestyle"
"interaction","lifestyle_goFishingFreq_factor","lifestyle_motorizedActFreq_bin",0.109936564476883,0.020085223894843,10,1101,"lifestyle","lifestyle"
"interaction","lifestyle_goFishingFreq_numeric","lifestyle_motorizedActFreq_bin",0.109936564476883,0.020085223894843,10,1101,"lifestyle","lifestyle"
"interaction","ses_ethnicityWhite","lifestyle_motorizedActFreq_bin",0.10986279173675,0.000474996809578524,4,1101,"ses","lifestyle"
"interaction","lifestyle_hasTattoos","lifestyle_motorizedActFreq_bin",0.10960937252796,0.000506243191000381,4,1101,"lifestyle","lifestyle"
"interaction","lifestyle_clothingStyleGroups","lifestyle_goMuseumsFreq_bin",0.109409496327306,1.53615490535518e-05,6,1101,"lifestyle","lifestyle"
"interaction","lifestyle_clothingStyleGroups","lifestyle_motorizedActFreq_bin",0.109248755606943,1.63821511858576e-05,6,1101,"lifestyle","lifestyle"
"interaction","lifestyle_goHuntingFreq_bin","lifestyle_volunteeringFreq_bin",0.109175122980668,0.000564288874310023,4,1101,"lifestyle","lifestyle"
"interaction","ses_immigrant","ses_ethnicityWB",0.109131669793601,1.71660116870021e-05,6,1101,"ses","ses"
"interaction","ses_ethnicityWhite","ses_educ_5Cat",0.109008312796297,0.0249772769050498,10,1101,"ses","ses"
"interaction","ses_genderFemale","ses_educ_5Cat",0.109004685699809,0.0249982220309196,10,1101,"ses","ses"
"interaction","lifestyle_clothingStyleGroups","lifestyle_volunteeringFreq_bin",0.108811974167009,1.94929009560487e-05,6,1101,"lifestyle","lifestyle"
"interaction","lifestyle_consClothes","lifestyle_ownPet_bin",0.108680838242446,0.00151922140601549,8,1101,"lifestyle","lifestyle"
"interaction","ses_ethnicityWhite","lifestyle_consClothes",0.108675257266236,0.00152185422137456,8,1101,"ses","lifestyle"
"interaction","lifestyle_goHuntingFreq_bin","lifestyle_goFishingFreq",0.108642665009774,0.0271652039916526,10,1101,"lifestyle","lifestyle"
"interaction","lifestyle_goHuntingFreq_bin","lifestyle_goFishingFreq_factor",0.108642665009774,0.0271652039916526,10,1101,"lifestyle","lifestyle"
"interaction","lifestyle_goHuntingFreq_bin","lifestyle_goFishingFreq_numeric",0.108642665009774,0.0271652039916526,10,1101,"lifestyle","lifestyle"
"interaction","lifestyle_volunteeringFreq_bin","lifestyle_motorizedActFreq_bin",0.10824549630701,0.000710030103315334,4,1101,"lifestyle","lifestyle"
"interaction","ses_immigrant","lifestyle_consClothes",0.107853358659771,0.0019587430356533,8,1101,"ses","lifestyle"
"interaction","lifestyle_ownPet_bin","lifestyle_goHuntingFreq",0.107604321143734,0.0342796789623017,10,1101,"lifestyle","lifestyle"
"interaction","lifestyle_ownPet_bin","lifestyle_goHuntingFreq_factor",0.107604321143734,0.0342796789623017,10,1101,"lifestyle","lifestyle"
"interaction","lifestyle_ownPet_bin","lifestyle_goHuntingFreq_numeric",0.107604321143734,0.0342796789623017,10,1101,"lifestyle","lifestyle"
"interaction","ses_age_4Cat","lifestyle_goMuseumsFreq_bin",0.107463966336551,0.00220350784125673,8,1101,"ses","lifestyle"
"interaction","ses_ethnicityWhite","lifestyle_volunteeringFreq_bin",0.107429426612623,0.000866113839836983,4,1101,"ses","lifestyle"
"interaction","ses_ethnicityWB","ses_genderFemale",0.107369593380979,3.42771504227894e-05,6,1101,"ses","ses"
"interaction","lifestyle_goHuntingFreq_bin","lifestyle_volunteeringFreq",0.107231098739815,0.0371905628541385,10,1101,"lifestyle","lifestyle"
"interaction","lifestyle_goHuntingFreq_bin","lifestyle_volunteeringFreq_factor",0.107231098739815,0.0371905628541385,10,1101,"lifestyle","lifestyle"
"interaction","lifestyle_goHuntingFreq_bin","lifestyle_volunteeringFreq_numeric",0.107231098739815,0.0371905628541385,10,1101,"lifestyle","lifestyle"
"interaction","lifestyle_goHuntingFreq","lifestyle_volunteeringFreq_bin",0.106878848090013,0.040123212083316,10,1101,"lifestyle","lifestyle"
"interaction","lifestyle_goHuntingFreq_factor","lifestyle_volunteeringFreq_bin",0.106878848090013,0.040123212083316,10,1101,"lifestyle","lifestyle"
"interaction","lifestyle_goHuntingFreq_numeric","lifestyle_volunteeringFreq_bin",0.106878848090013,0.040123212083316,10,1101,"lifestyle","lifestyle"
"interaction","lifestyle_hasTattoos","lifestyle_goMuseumsFreq_bin",0.106332682634894,0.00112629281806633,4,1101,"lifestyle","lifestyle"
"interaction","lifestyle_typeTransport","lifestyle_ownPet_bin",0.106126917999679,5.50795280576681e-05,6,1101,"lifestyle","lifestyle"
"interaction","lifestyle_goFishingFreq_bin","lifestyle_motorizedActFreq",0.106122210788269,0.0470698651599757,10,1101,"lifestyle","lifestyle"
"interaction","lifestyle_goFishingFreq_bin","lifestyle_motorizedActFreq_factor",0.106122210788269,0.0470698651599757,10,1101,"lifestyle","lifestyle"
"interaction","lifestyle_goFishingFreq_bin","lifestyle_motorizedActFreq_numeric",0.106122210788269,0.0470698651599757,10,1101,"lifestyle","lifestyle"
"interaction","lifestyle_hasTattoos","lifestyle_typeTransport",0.105975348359163,5.83154759618327e-05,6,1101,"lifestyle","lifestyle"
"interaction","ses_immigrant","lifestyle_goMuseumsFreq_bin",0.105868896942054,0.00125670587773677,4,1101,"ses","lifestyle"
"interaction","lifestyle_consClothes","lifestyle_volunteeringFreq_bin",0.10557190580786,0.00384006898737404,8,1101,"lifestyle","lifestyle"
"single","lifestyle_motorizedActFreq_bin",NA,0.105544563379879,0.0313346413857752,2,1101,"lifestyle",NA
"interaction","ses_immigrant","ses_educ_3Cat",0.104666450920667,9.48186442055074e-05,6,1101,"ses","ses"
"interaction","lifestyle_goHuntingFreq_bin","lifestyle_goMuseumsFreq_bin",0.104319542593761,0.0018003167502064,4,1101,"lifestyle","lifestyle"
"interaction","lifestyle_hasTattoos","ses_income_3Cat",0.103708572142592,0.000134268547229946,6,1101,"lifestyle","ses"
"single","lifestyle_exercise",NA,0.103145896229285,0.00751585233066091,8,1101,"lifestyle",NA
"interaction","lifestyle_consClothes","lifestyle_motorizedActFreq_bin",0.10310941487564,0.00758947773964608,8,1101,"lifestyle","lifestyle"
"interaction","lifestyle_goHuntingFreq_bin","ses_income_3Cat",0.103013982406506,0.00017207487921471,6,1101,"lifestyle","ses"
"interaction","lifestyle_goFishingFreq_bin","ses_income_3Cat",0.102799637211474,0.000185634344610101,6,1101,"lifestyle","ses"
"interaction","lifestyle_typeTransport","lifestyle_goFishingFreq_bin",0.10277152326891,0.000187485693992075,6,1101,"lifestyle","lifestyle"
"interaction","lifestyle_goHuntingFreq_bin","lifestyle_motorizedActFreq_bin",0.102608657985723,0.00264632729704287,4,1101,"lifestyle","lifestyle"
"interaction","lifestyle_goMuseumsFreq_bin","ses_educ_5Cat",0.102449311844758,0.0957614757880696,10,1101,"lifestyle","ses"
"interaction","lifestyle_goHuntingFreq","lifestyle_motorizedActFreq_bin",0.102423347191095,0.0962067621273124,10,1101,"lifestyle","lifestyle"
"interaction","lifestyle_goHuntingFreq_factor","lifestyle_motorizedActFreq_bin",0.102423347191095,0.0962067621273124,10,1101,"lifestyle","lifestyle"
"interaction","lifestyle_goHuntingFreq_numeric","lifestyle_motorizedActFreq_bin",0.102423347191095,0.0962067621273124,10,1101,"lifestyle","lifestyle"
"single","lifestyle_ownPet",NA,0.102111718334636,0.00187883705257731,7,1101,"lifestyle",NA
"interaction","lifestyle_ownPet_bin","ses_educ_3Cat",0.101759326354294,0.000266973313277102,6,1101,"lifestyle","ses"
"interaction","ses_ethnicityWB","lifestyle_motorizedActFreq_bin",0.101307169528102,0.00031187970213406,6,1101,"ses","lifestyle"
"interaction","lifestyle_goHuntingFreq","lifestyle_goMuseumsFreq_bin",0.101226681736007,0.118454790105279,10,1101,"lifestyle","lifestyle"
"interaction","lifestyle_goHuntingFreq_factor","lifestyle_goMuseumsFreq_bin",0.101226681736007,0.118454790105279,10,1101,"lifestyle","lifestyle"
"interaction","lifestyle_goHuntingFreq_numeric","lifestyle_goMuseumsFreq_bin",0.101226681736007,0.118454790105279,10,1101,"lifestyle","lifestyle"
"interaction","ses_ethnicityWhite","lifestyle_typeTransport",0.10115571659701,0.000328441382717775,6,1101,"ses","lifestyle"
"interaction","lifestyle_goFishingFreq_bin","lifestyle_goMuseumsFreq_bin",0.100954266677462,0.00379583415884659,4,1101,"lifestyle","lifestyle"
"interaction","ses_genderFemale","lifestyle_typeTransport",0.10086938594359,0.000362026865619267,6,1101,"ses","lifestyle"
"single","ses_dwelling_cat",NA,0.100715854920659,0.00284745471746515,7,1101,"ses",NA
"interaction","lifestyle_hasTattoos","ses_educ_3Cat",0.100566478907324,0.000401039828017877,6,1101,"lifestyle","ses"
"interaction","lifestyle_ownPet_bin","lifestyle_motorizedActFreq_bin",0.100081069695725,0.00457050335792009,4,1101,"lifestyle","lifestyle"
"interaction","lifestyle_typeTransport","lifestyle_volunteeringFreq_bin",0.100058693915028,0.000475379863211804,6,1101,"lifestyle","lifestyle"
"interaction","ses_ethnicityWhite","ses_income_3Cat",0.099790931246935,0.000519581239444173,6,1101,"ses","ses"
"interaction","lifestyle_ownPet_bin","lifestyle_motorizedActFreq",0.0997534744435189,0.150681468691911,10,1101,"lifestyle","lifestyle"
"interaction","lifestyle_ownPet_bin","lifestyle_motorizedActFreq_factor",0.0997534744435189,0.150681468691911,10,1101,"lifestyle","lifestyle"
"interaction","lifestyle_ownPet_bin","lifestyle_motorizedActFreq_numeric",0.0997534744435189,0.150681468691911,10,1101,"lifestyle","lifestyle"
"interaction","ses_educ_5Cat","lifestyle_motorizedActFreq_bin",0.0996709297617636,0.152650142033314,10,1101,"ses","lifestyle"
"interaction","lifestyle_typeTransport","lifestyle_goHuntingFreq_bin",0.0994315430150725,0.000584950391102952,6,1101,"lifestyle","lifestyle"
"interaction","lifestyle_goFishingFreq","lifestyle_goMuseumsFreq_bin",0.0992191897532441,0.163734530388797,10,1101,"lifestyle","lifestyle"
"interaction","lifestyle_goFishingFreq_factor","lifestyle_goMuseumsFreq_bin",0.0992191897532441,0.163734530388797,10,1101,"lifestyle","lifestyle"
"interaction","lifestyle_goFishingFreq_numeric","lifestyle_goMuseumsFreq_bin",0.0992191897532441,0.163734530388797,10,1101,"lifestyle","lifestyle"
"interaction","ses_genderFemale","lifestyle_motorizedActFreq_bin",0.0987623447246776,0.00601320667592673,4,1101,"ses","lifestyle"
"interaction","ses_genderFemale","lifestyle_motorizedActFreq",0.0983662448405757,0.186099014412886,10,1101,"ses","lifestyle"
"interaction","ses_genderFemale","lifestyle_motorizedActFreq_factor",0.0983662448405757,0.186099014412886,10,1101,"ses","lifestyle"
"interaction","ses_genderFemale","lifestyle_motorizedActFreq_numeric",0.0983662448405757,0.186099014412886,10,1101,"ses","lifestyle"
"interaction","lifestyle_volunteeringFreq_bin","ses_educ_3Cat",0.0982164581495939,0.000867085953095869,6,1101,"lifestyle","ses"
"single","ses_educ_3Cat",NA,0.0980872809798468,0.0198352787113812,3,1101,"ses",NA
"interaction","lifestyle_goFishingFreq_bin","ses_educ_3Cat",0.09751200559085,0.00108392415457286,6,1101,"lifestyle","ses"
"interaction","lifestyle_goHuntingFreq_bin","ses_educ_3Cat",0.097465566348688,0.00109984927217022,6,1101,"lifestyle","ses"
"interaction","lifestyle_ownPet_bin","ses_income_3Cat",0.0972130831367631,0.00119028318926232,6,1101,"lifestyle","ses"
"interaction","ses_genderFemale","ses_income_3Cat",0.0968428580842247,0.00133536402481416,6,1101,"ses","ses"
"interaction","ses_income_3Cat","lifestyle_motorizedActFreq_bin",0.0966192998293606,0.00143069641546074,6,1101,"ses","lifestyle"
"single","lifestyle_consClothes",NA,0.0963854459697115,0.00967643960936251,4,1101,"lifestyle",NA
"single","ses_ethnicity",NA,0.0959869239029168,0.0104264825005934,7,1101,"ses",NA
"interaction","lifestyle_volunteeringFreq_bin","ses_income_3Cat",0.0951335139834305,0.00224121731117732,6,1101,"lifestyle","ses"
"interaction","ses_ethnicityWhite","ses_educ_3Cat",0.0947456583764218,0.00251301897002894,6,1101,"ses","ses"
"interaction","ses_ethnicityWB","lifestyle_volunteeringFreq_bin",0.0944460566737024,0.00274323004996643,6,1101,"ses","lifestyle"
"interaction","lifestyle_ownPet_bin","lifestyle_goMuseumsFreq_bin",0.0942355489264653,0.0145728106094465,4,1101,"lifestyle","lifestyle"
"interaction","ses_genderFemale","lifestyle_goMuseumsFreq_bin",0.0942336616640768,0.0145779225020123,4,1101,"ses","lifestyle"
"interaction","ses_genderFemale","ses_educ_3Cat",0.0937214637229059,0.00338160315983312,6,1101,"ses","ses"
"single","lifestyle_goFishingFreq",NA,0.0935726790907847,0.00755728053829801,5,1101,"lifestyle",NA
"single","lifestyle_goFishingFreq_factor",NA,0.0935726790907847,0.00755728053829801,5,1101,"lifestyle",NA
"single","lifestyle_goFishingFreq_numeric",NA,0.0935726790907847,0.00755728053829801,5,1101,"lifestyle",NA
"interaction","lifestyle_typeTransport","lifestyle_motorizedActFreq_bin",0.0923769659027966,0.00493392945448816,6,1101,"lifestyle","lifestyle"
"interaction","lifestyle_consClothes","lifestyle_goMuseumsFreq_bin",0.0919885686932658,0.0911782637055425,8,1101,"lifestyle","lifestyle"
"single","lifestyle_numberTattoos",NA,0.0916762970012693,0.00597531432014815,6,1101,"lifestyle",NA
"interaction","ses_ethnicityWhite","lifestyle_goMuseumsFreq_bin",0.0910666252501656,0.0256985473453365,4,1101,"ses","lifestyle"
"interaction","lifestyle_goMuseumsFreq_bin","lifestyle_motorizedActFreq",0.0908689383658783,0.452970395322356,10,1101,"lifestyle","lifestyle"
"interaction","lifestyle_goMuseumsFreq_bin","lifestyle_motorizedActFreq_factor",0.0908689383658783,0.452970395322356,10,1101,"lifestyle","lifestyle"
"interaction","lifestyle_goMuseumsFreq_bin","lifestyle_motorizedActFreq_numeric",0.0908689383658783,0.452970395322356,10,1101,"lifestyle","lifestyle"
"interaction","lifestyle_goMuseumsFreq_bin","lifestyle_volunteeringFreq_bin",0.0907083392405518,0.027326147371784,4,1101,"lifestyle","lifestyle"
"single","ses_income",NA,0.0905728703255694,0.116734206012672,8,1101,"ses",NA
"interaction","lifestyle_goMuseumsFreq_bin","ses_income_3Cat",0.090516764623166,0.00813710891659896,6,1101,"lifestyle","ses"
"single","lifestyle_goHuntingFreq",NA,0.0889942355912048,0.0207551637099652,5,1101,"lifestyle",NA
"single","lifestyle_goHuntingFreq_factor",NA,0.0889942355912048,0.0207551637099652,5,1101,"lifestyle",NA
"single","lifestyle_goHuntingFreq_numeric",NA,0.0889942355912048,0.0207551637099652,5,1101,"lifestyle",NA
"single","lifestyle_volunteeringFreq",NA,0.0883484712778803,0.0236957787356533,5,1101,"lifestyle",NA
"single","lifestyle_volunteeringFreq_factor",NA,0.0883484712778803,0.0236957787356533,5,1101,"lifestyle",NA
"single","lifestyle_volunteeringFreq_numeric",NA,0.0883484712778803,0.0236957787356533,5,1101,"lifestyle",NA
"interaction","lifestyle_goMuseumsFreq_bin","ses_educ_3Cat",0.0883464286585955,0.0141137697474906,6,1101,"lifestyle","ses"
"interaction","lifestyle_typeTransport","lifestyle_goMuseumsFreq_bin",0.086269875285433,0.02311946225346,6,1101,"lifestyle","lifestyle"
"single","ses_incomeCensus",NA,0.0855622163899146,0.0991552739970334,7,1101,"ses",NA
"single","lifestyle_smokeFreq",NA,0.0848300158549009,0.112544975483637,7,1101,"lifestyle",NA
"interaction","ses_ethnicityWB","lifestyle_goMuseumsFreq_bin",0.0829121819713931,0.0479110623750795,6,1101,"ses","lifestyle"
"interaction","ses_educ_3Cat","lifestyle_motorizedActFreq_bin",0.0824451663678796,0.0526622705576691,6,1101,"ses","lifestyle"
"interaction","lifestyle_goMuseumsFreq_bin","lifestyle_motorizedActFreq_bin",0.0821907848466416,0.0998595840525079,4,1101,"lifestyle","lifestyle"
"single","ses_educ_5Cat",NA,0.0814979313867463,0.082933755998078,5,1101,"ses",NA
"single","ses_educ",NA,0.080464415873535,0.220023313246045,7,1101,"ses",NA
"single","lifestyle_motorizedActFreq",NA,0.0764595360377888,0.174363794059827,5,1101,"lifestyle",NA
"single","lifestyle_motorizedActFreq_factor",NA,0.0764595360377888,0.174363794059827,5,1101,"lifestyle",NA
"single","lifestyle_motorizedActFreq_numeric",NA,0.0764595360377888,0.174363794059827,5,1101,"lifestyle",NA
"single","lifestyle_goMuseumsFreq_bin",NA,0.0763887781451509,0.267066396235688,2,1101,"lifestyle",NA
